0,0.13427541,0,0.075479791,0,0.035899274,0,0,0.02300073,0,0.11490215,0.061995976,0.16227931,0,0,0.0689077,0,0,0,0,0,0,0,0,0,0,0,0,0,0,0,0.37942392,0.04512506,0.015128283,0.1087833,0,0,0.22257555,0,0.059866544,0,0.37310317,0,0,0.22342628,0.090905786,0,0.10293005,0.03146651,0,0.23111525,0,0.18715608,0.20431274,0,0,0.073711775,0.068046309,0.065992631,0,0.050795864,0,0.031709753,0.25067344,0,0.17190337,0.035624117,0,0,0,0
0,0.48415375,0.004728502,0.71079779,0.061983321,0.28245738,0.12723561,0.33377904,0.15983059,0.17968221,0.93943572,0.58609152,0.56541938,0.40520328,0.72048503,0.85748506,0.40167895,0.52650487,0,0,0.33244449,0,0.091275766,0,0,0,0.003484359,1.047122,0.43147191,0.19117756,0.019439051,1.1505344,0.59176892,0.62439418,0.61939734,0,0.15788913,1.1669159,0,0.55446929,0.94889045,1.3622258,0.13542861,0.4429563,0.82010669,0.51801968,0.37394437,0.49712458,0.12773876,0.44050604,1.0461191,0.29443914,0.98592895,0.62354684,0.056628246,0.20619994,0.27264541,0.47464377,0.5373854,0.23246378,0.18892881,0.38705611,0.21204919,0.85211211,0.66369522,0.90116674,0.30474973,0.3742044,0.014798706,0.009410017,0
0,0.94759744,0,1.3419586,0.20832354,0.37133688,0.49681821,0.72369212,0.1747615,0.38996419,1.6209921,1.10114,1.1066601,0.79014271,1.4817984,1.5744075,0.83570278,1.0509754,0,0,1.0319513,0.068765312,0.27200264,0,0,0.004243118,0.11289311,2.0850472,1.0092555,0.68637842,0.10573713,1.4380437,1.1139989,1.3927658,0.90226191,0.051412325,0.51671028,2.0021999,0.044336155,1.1416351,1.8392322,2.2376328,0.34234554,0.74316114,1.2169982,0.96660078,0.9785521,1.0043802,0.25023904,1.0010829,2.0766268,0.61566532,1.5963825,0.76726842,0.14664303,0.4205125,0.39480481,0.89584309,1.0111761,0.6338951,0.30843744,0.71287501,0.39503211,1.2946197,1.1594765,1.3749366,0.66907525,0.82564759,0.14681719,0.08066576,0.027308105
0,1.1702315,0.00821261,1.7892841,0.39522836,0.69471306,0.65753096,0.97710758,0.13276029,0.52439487,2.2379549,1.7741077,1.3941116,1.1650194,2.1635559,1.9514029,1.0393714,1.6487149,0,0,1.591742,0.40446734,0.27639416,0,0,0.25958297,0.44300336,3.0693367,1.5977181,1.401745,0.16542752,1.9544308,1.5998452,2.3082559,1.0866551,0.15265708,0.78152281,2.6862755,0.10546437,1.6397882,2.8271906,2.7354164,0.59598142,1.3290843,1.5061085,1.5211623,1.7421472,1.3205544,0.41354778,1.3610133,2.834753,0.76421958,2.3963809,0.97136027,0.29387918,0.54490674,0.58949584,1.2414501,1.5308368,0.96758485,0.5001142,1.0509292,0.52118874,1.3672453,1.6356817,1.634348,1.007647,1.2546036,0.27575004,0.12745327,0.13984419
0.14351359,1.647843,0.029126722,2.0416274,0.33308047,0.69012463,0.6745438,1.2989628,0.078932181,0.70222849,2.4174204,2.078263,1.6699744,1.2743579,2.2191982,2.0647042,1.2540637,2.2339988,0,0,1.7788197,0.35368577,0.09285523,0,0,0.55174249,0.6399675,3.6612008,2.1843197,2.0578723,0.27216834,1.8211502,1.7776188,2.890013,1.2140787,0.26825207,1.1348268,2.9504704,0.15761265,2.2013936,3.2520645,3.052146,0.89973456,1.7167352,1.1266309,1.7468153,2.4584346,1.4948879,0.48637658,1.610225,3.570523,0.78316063,2.6490395,0.98322284,0.42491513,0.65312523,0.65517002,1.4853429,1.9927303,1.1965195,0.78948754,1.2898489,0.50159115,1.2958413,1.6776245,1.6257973,1.3307128,1.5913945,0.19275847,0.19819534,0.1598735
0.36213395,1.7520293,0.083559252,1.8519442,0.36701739,0.63687724,0.42182618,1.277099,0.021448255,0.60104573,2.3840928,2.5595479,1.7299314,1.0438119,2.9684389,2.0026665,1.36721,2.5025997,0,0,1.5081136,0.1506575,0.008331586,0,0.004069248,0.52034688,0.48103255,4.0793462,2.2716401,2.3803391,0.30346772,1.7343402,1.8765185,2.9948483,1.1956104,0.29483801,1.3368374,3.1788216,0.2231248,2.2615511,3.5882144,2.7011268,0.86361068,1.7693129,1.043385,1.769501,2.8363771,1.3419906,0.4073208,1.8293971,2.9266698,0.66431504,3.2035127,1.0100642,0.55429435,0.56867611,0.71677989,1.4926779,2.0422018,1.3279245,0.79743534,1.3789778,0.46243751,1.0519501,1.7529294,1.3561318,1.418363,1.8207872,0.21476655,0.22387834,0.17105213
0.51451367,1.5271279,0.20927157,1.5543374,0.21877572,0.86688298,0.3559719,1.1137179,0.004172609,0.53273916,2.2395222,2.8371475,1.6964493,0.81970513,2.6716046,1.8539526,1.4912106,2.3438072,0,0,1.3311933,0.097978249,0,0,0,0.31502718,0.15090585,4.0748367,1.9831413,2.6212478,0.27864611,1.616039,1.8647438,2.5433149,1.2887952,0.28034005,1.4575626,2.8782077,0.210389,2.2159843,3.6455176,2.3698485,0.99356931,2.0415449,0.84173518,1.5863233,2.6479895,1.1840984,0.32701236,1.9448625,2.4237251,0.50655884,3.214026,0.95752507,0.55958539,0.49214384,0.92719591,1.481962,2.2249815,1.1486101,0.7821244,1.3287926,0.40197194,0.84623241,1.6274765,0.97268999,1.4266523,1.8168445,0.059089415,0.16423371,0.1040048
0.67114127,1.5405515,0.21512969,1.4794958,0.17301957,0.69791692,0.23238142,0.85015553,0,0.42627624,2.1163952,3.1302922,1.5731493,0.68923444,2.4563885,1.713877,1.6005943,1.9728055,0,0,0.58506572,0,0,0,0.005151736,0.033939622,0,4.1885557,1.956074,2.6385813,0.24315032,1.2630168,1.8512385,2.1736486,1.353081,0.23645559,1.1869899,2.3717711,0.1966082,1.8257669,3.1714096,1.9252195,0.87729424,2.0890255,0.64147383,1.1787751,2.3655214,0.9561041,0.21163049,1.851199,1.8495852,0.48797178,3.5524464,0.89713359,0.56749952,0.30783215,0.69908398,1.4017849,1.9506811,0.95204359,0.82540756,1.2137153,0.28055286,0.7813971,1.6245116,0.72577941,1.438869,1.8578758,0.008261299,0.11203338,0.038991258
0.51381028,1.3561437,0.33376244,0.97741634,0.040054604,0.88023186,0.17247598,0.67940444,0,0.33857054,1.8131146,3.3956983,1.5457948,0.68155682,2.0430882,1.6246271,1.6445415,1.7666067,0,0,0.17774181,0,0,0,0,0,0,3.6916344,2.0855188,2.3775868,0.15987727,1.1430285,1.6850724,1.8698515,1.3611633,0.17994452,0.97974741,1.8863919,0.2174181,1.4240192,3.0593281,1.5690664,0.75394469,2.0642719,0.60551202,0.90983564,1.8623507,0.95181882,0.099622019,1.6489179,1.5144998,0.3869333,3.2218115,0.8841657,0.46582478,0.15207042,0.58225495,1.21929,1.6456455,0.72506618,0.76721513,1.0479122,0.15592667,0.65447319,1.4494817,0.65671581,1.1761997,1.767596,0,0.040840924,0.004300138
0.40540993,1.0214046,0.3214165,0.60732657,0.007915936,0.60237634,0.092984527,0.45746386,0,0.23337962,1.6255679,3.8146167,1.4562423,0.60102922,1.7403475,1.5287954,1.7841465,1.4704787,0,0,0.050802026,0,0,0,0,0,0,2.9570625,2.3717592,2.0124302,0.15848337,1.0661508,1.509703,1.6362972,1.4360863,0.14706312,0.85427773,1.5190172,0.18098582,1.1422739,2.4515326,1.3888799,0.71493447,2.0160956,0.5630722,0.7157023,1.5297136,0.85350162,0.081696302,1.4477489,1.3630259,0.43376428,3.1008594,0.84263527,0.37438479,0.008111291,0.41913152,0.99416631,1.4057825,0.50567347,0.75792795,0.83850986,0.09033303,0.67222422,1.3863903,0.5959115,0.91920656,1.6473403,0,0.007077965,0.003833997
0.26624322,0.68382221,0.46768373,0.40123975,0,0.61300373,0.036012091,0.32282266,0,0.13544933,1.4890742,4.22047,1.4271227,0.51582712,1.5798963,1.3571913,1.8675548,1.3259977,0,0,0.014630174,0,0,0,0,0,0,2.3662298,2.6412253,1.5809436,0.10647606,0.9778083,1.2633355,1.6288407,1.3875674,0.12906013,0.87382323,1.1904956,0.21743707,1.0502596,2.0048823,1.2497914,0.62665689,1.7061795,0.49793231,0.54844254,1.4499332,0.82881367,0.077682868,1.2002592,1.3046699,0.36047369,2.6710343,0.83158326,0.29579601,0.003674127,0.20704432,0.90605623,1.2723932,0.44233763,0.77416629,0.71125847,0.039128579,0.68596172,1.160478,0.59196812,0.61875141,1.4489996,0,0,0
0.20723842,0.56618994,0.53989214,0.24866524,0,0.57745212,0.016737651,0.24266361,0,0.14467198,1.1259624,4.442874,1.3955235,0.48907638,1.468671,1.3010477,1.8751615,1.1909925,0,0,0.0535274,0,0,0,0,0,0,1.9221448,2.8150244,1.2572858,0.10586087,0.95107204,1.1442969,1.6636101,1.4251649,0.16285744,0.87948364,1.1087972,0.2005876,0.97061247,1.688476,1.2654774,0.57755703,1.4180996,0.47769263,0.538589,1.4261904,0.79794502,0.06398949,0.99174488,1.2181727,0.33611003,2.3727338,0.84267581,0.21714078,0,0.070944272,0.84844953,1.1686269,0.35573822,0.76015437,0.57707882,0.020811455,0.63623029,0.9113819,0.53668594,0.43038467,1.283214,0,0,0
0.21907267,0.39240897,0.73009187,0.069928944,0,0.49663052,0.007470245,0.26678452,0,0.057532039,1.0081033,4.7827344,1.2970092,0.4503648,1.3671945,1.2423204,1.8627139,1.1586257,0,0,0.0396774,0,0,0,0,0,0,1.6786296,3.0171158,1.083322,0.028457643,0.94365656,0.99996752,1.6038839,1.6282259,0.13599049,0.91980863,0.96406275,0.19449396,0.92185438,1.586368,1.2152085,0.59388316,1.1785049,0.49216455,0.52640218,1.3314736,0.87571514,0.085366011,0.83567095,1.1682798,0.30986029,1.9606978,0.82591182,0.2107864,0,0.021861644,0.81712955,1.1432065,0.30575472,0.7178607,0.56626379,0.029404385,0.69051623,0.77731299,0.54441065,0.33903769,1.1587697,0,0,0
0.18203302,0.39035213,0.86078072,0.008373315,0,0.4605923,0,0.21042617,0,0.055582948,0.88397932,4.8064089,1.2910655,0.42035007,1.2575306,1.1681659,1.9116879,1.100149,0,0,0.043858435,0,0,0,0,0,0,1.554997,3.1440639,0.89872402,0.031883363,0.86243337,0.91472262,1.6635952,1.836092,0.13635281,0.96223998,0.94673997,0.19732098,0.92210907,1.5102168,1.1846215,0.62536538,0.97667372,0.51057279,0.48385119,1.310241,0.87009078,0.072701566,0.72366828,1.1849579,0.29870665,1.6646465,0.84037209,0.18306656,0,0,0.8581298,1.103135,0.28902727,0.75346911,0.5383541,0.033460315,0.69189709,0.62902033,0.51849306,0.27112892,1.1749488,0,0,0
0.20204215,0.3867943,1.1050996,0,0,0.44671494,0,0.23443441,0,0.044395212,0.87222964,4.9923673,1.3253877,0.3850362,1.2038984,1.1071959,1.8406055,1.0746869,0,0,0.073166631,0,0,0,0,0,0,1.3512243,3.3155451,0.89645356,0.026870014,0.8327688,0.85737962,1.70672,2.2313321,0.11053361,0.96808523,0.97665083,0.22493407,0.9229452,1.4355575,1.0955055,0.6640023,0.85738629,0.53786296,0.50013697,1.330807,0.90281701,0.12462953,0.65350771,1.1967781,0.30252856,1.503322,0.89094186,0.17206639,0,0.003390836,0.82016116,1.0539818,0.26234171,0.74938291,0.52334666,0.035014711,0.69404107,0.52547836,0.48931497,0.21493462,1.1868875,0,0,0
0.19118461,0.49307859,1.1791208,0,0,0.3938022,0,0.22764225,0,0.054123651,0.76857561,5.1559348,1.3323992,0.40497741,1.1231748,1.1219977,1.8771828,1.0668652,0,0,0.05087458,0,0,0,0,0,0,1.2213737,3.3110976,0.82395095,0.036094129,0.82806861,0.75337601,1.7047498,2.4704347,0.11295147,0.94801849,0.93235946,0.25136331,0.90219569,1.3149312,1.1161056,0.70220298,0.81531179,0.5127663,0.46119216,1.2532572,0.82289988,0.11032711,0.52979159,1.1855105,0.32297859,1.3523574,0.87870735,0.16719985,0,0,0.79273164,1.0350412,0.24069791,0.74708593,0.51719731,0.042890169,0.66213673,0.46602011,0.50613272,0.18539739,1.2110374,0,0,0
0.14764024,0.60893649,1.3506384,0,0,0.38281667,0,0.20220034,0,0.069935471,0.69702256,5.3247113,1.3279357,0.37658435,1.1105859,1.1068052,1.9811974,1.0675825,0,0,0.061022032,0,0,0,0,0,0,1.1266851,3.3077271,0.81160063,0.029428264,0.75177294,0.74590003,1.7920932,3.0279114,0.10688546,0.97054589,0.95317644,0.26446629,0.88200498,1.3117323,1.0451454,0.80121714,0.7362836,0.56725842,0.48491487,1.2906094,0.88282681,0.13375746,0.58804846,1.1351727,0.31873891,1.1941082,0.92346954,0.15452582,0,0,0.7706002,0.96395779,0.18176335,0.75159174,0.54510623,0.05134676,0.68056637,0.41859293,0.51751298,0.16409503,1.3054804,0,0,0
0.17739339,0.66228205,1.4652553,0,0,0.28860763,0,0.23907694,0,0.070925452,0.70223099,5.393292,1.2711853,0.41756207,1.0609288,1.1273699,1.8943852,1.0004629,0,0,0.092938744,0,0,0,0,0,0,1.0493982,3.3193378,0.71666402,0.044047188,0.76987046,0.70845586,1.8409746,3.3366933,0.093394645,0.95291281,0.92102766,0.25760913,0.89944375,1.4791833,1.016794,0.91397566,0.64901549,0.53647453,0.48116034,1.2900956,0.85318458,0.13992131,0.54909587,1.0925343,0.3290745,1.1258919,0.93067676,0.15598004,0,0,0.74986786,0.93346506,0.18770963,0.78570122,0.53862715,0.03853108,0.58614713,0.36597243,0.48645782,0.11660393,1.3063198,0,0,0.003829229
0.23843226,0.9775846,1.5604684,0,0,0.24340388,0,0.24912348,0,0.034795221,0.67301953,5.5445237,1.2168214,0.37523803,1.0257688,1.1471095,1.9095083,1.1378529,0,0,0.10285696,0,0,0,0,0,0,0.91124326,3.4094861,0.66890216,0.043453984,0.72008115,0.76210403,1.8633753,3.523108,0.098135427,1.0161177,0.89373344,0.22617076,0.88909191,1.3922446,1.0326508,1.0344311,0.5751406,0.54370159,0.51231658,1.2543859,0.82855546,0.1716225,0.57416904,1.0721511,0.36586288,1.0503726,0.94006383,0.16135913,0,0,0.77661324,0.86994857,0.18321711,0.7461201,0.48316619,0.046321526,0.66476154,0.3589583,0.47673032,0.096813723,1.4088241,0,0,0
0.28751355,0.94515383,1.765542,0,0,0.18871127,0,0.24848443,0,0.026486315,0.65481842,5.3483753,1.1780813,0.35691831,1.0698464,1.1511054,1.8595656,1.1662794,0,0,0.15907624,0,0,0,0,0,0,0.89643687,3.1935532,0.66596544,0.052037071,0.7118243,0.73016769,1.8772267,3.8856993,0.1249394,0.93669784,0.86634696,0.2195098,0.88083923,1.4106586,1.0511607,1.2302029,0.61583418,0.53023362,0.49071503,1.29431,0.86401713,0.18306296,0.54532045,1.1077884,0.39988822,1.0049222,0.97963721,0.19360596,0,0,0.78632772,0.82322735,0.20261763,0.79341334,0.47903058,0.049321678,0.68220681,0.39119133,0.49700654,0.10768389,1.4555578,0,0,0
0.22891212,1.100939,1.841707,0,0,0.16333333,0,0.31587383,0,0.02729249,0.61888319,5.4729204,1.1865274,0.36719877,1.0216959,1.1211922,1.9056702,1.1151543,0,0,0.087922938,0,0,0,0,0,0,0.84847575,3.41939,0.66471058,0.085896671,0.73028105,0.75156844,1.865564,3.961642,0.11622679,0.99506724,0.81720608,0.19678599,0.87981296,1.3526145,1.0740581,1.4083642,0.60005593,0.56426853,0.50110459,1.1895781,0.82378119,0.2287209,0.59027052,0.9527387,0.4014954,0.93146652,1.0449941,0.19244096,0,0,0.78167474,0.75900978,0.19390878,0.75423509,0.41363966,0.045987483,0.60813612,0.42481825,0.49184984,0.09949892,1.5106179,0,0,0
0.28622881,1.2643981,1.9560589,0,0,0.12836984,0,0.24470355,0,0.019607982,0.70353568,5.5433097,1.132006,0.3429473,0.94867277,1.1311281,1.9082941,1.1331396,0,0,0.11848639,0,0,0,0,0,0,0.84441549,3.270412,0.74349457,0.062241603,0.69418395,0.71855515,1.7887259,4.0891519,0.092625543,0.9660688,0.7092244,0.23396319,0.89774936,1.3967733,1.1901048,1.6127653,0.63376647,0.54242969,0.58942193,1.2085876,0.75943476,0.2249696,0.54416037,0.98134798,0.43595588,0.94526178,1.0658877,0.16858606,0,0,0.76113701,0.7496984,0.16797383,0.74028784,0.40822759,0.00991547,0.64230245,0.49793395,0.46016365,0.11147679,1.6143951,0,0,0.004003306
0.2833136,1.2647054,2.0969999,0,0,0.14923704,0,0.27759102,0,0.027420197,0.69419503,5.4584212,1.1493778,0.37856057,0.90449113,1.1333642,1.8864473,1.1362642,0,0,0.078029409,0,0,0,0,0,0,0.79983568,3.0247948,0.7121132,0.083498254,0.73285353,0.73460132,1.8532014,4.0398002,0.10502891,1.055913,0.78365552,0.19460455,0.96054691,1.4466202,1.1714625,1.7517784,0.65916634,0.54695636,0.51896548,1.2235953,0.7606982,0.27137432,0.53144872,0.89198905,0.49289283,0.87183791,1.1480043,0.15600243,0,0,0.76621521,0.72440344,0.14762726,0.75913996,0.40997076,0.017265322,0.61614376,0.55917293,0.48564562,0.14617981,1.5855066,0,0,0
0.36225033,1.4548951,2.1054993,0,0,0.13642077,0,0.30437672,0,0.003469411,0.68160409,5.2930288,1.1286563,0.3510235,0.87747753,1.0820727,1.8285481,1.2883013,0,0,0.088406302,0,0,0,0,0,0,0.74209261,2.9717648,0.68987828,0.068037175,0.70193255,0.77635902,1.7474277,4.0949297,0.0977102,0.98361742,0.76308012,0.18674982,0.92160249,1.4884565,1.3262686,2.0557692,0.70275486,0.51111579,0.49808484,1.1881981,0.81042117,0.27937648,0.55504,0.86572945,0.50980127,0.87409353,1.208456,0.19873692,0,0,0.7514115,0.7064833,0.18076955,0.80108041,0.41866595,0.004268084,0.57543486,0.54985231,0.47464827,0.13917246,1.6178,0,0,0
0.26882941,1.5451343,2.2671244,0,0,0.11608557,0,0.2892715,0,0.007789588,0.6750567,5.1312237,1.115169,0.3734383,0.84330451,1.1174815,1.793185,1.3863169,0,0,0.015652021,0,0,0,0,0,0,0.68975848,2.7259638,0.69079018,0.10381129,0.74101931,0.80209923,1.7518111,3.9073558,0.11917756,1.0302835,0.75512183,0.21396248,0.97137421,1.4248137,1.4317368,2.232568,0.65769553,0.49001104,0.52476853,1.1973853,0.82936949,0.33321121,0.49366048,0.86790413,0.58347535,0.84482968,1.2477628,0.20249112,0,0,0.71690518,0.66017646,0.2274211,0.81799012,0.42465401,0,0.59951645,0.6104691,0.48589024,0.10121551,1.5832402,0,0,0
0.3446756,1.5361282,2.2323434,0,0,0.065630265,0,0.30521709,0,0.027712611,0.70424241,5.0228014,1.0880653,0.36223555,0.92065477,1.1688135,1.9391657,1.5570481,0,0,0.067767143,0,0,0,0,0,0,0.68265986,2.6389823,0.7185657,0.15710238,0.71252537,0.86663359,1.7498726,3.8197377,0.15223221,1.0461068,0.79276508,0.20264828,0.97884274,1.4217958,1.46963,2.3628058,0.6827839,0.53900236,0.54371101,1.1382827,0.8574807,0.34935978,0.52220082,0.91360408,0.66748029,0.86991626,1.3206863,0.23073481,0,0,0.72034192,0.61093742,0.20949082,0.79345536,0.37273827,0.007248071,0.57456219,0.63222843,0.44556195,0.11830535,1.5714074,0,0,0
0.25268584,1.5972965,2.2752862,0,0,0.069341801,0,0.31675446,0,0.035037335,0.64833975,4.7575192,1.0610433,0.34957939,0.85085315,1.2032012,1.8150728,1.4981009,0,0,0.065028876,0,0,0,0,0,0,0.71055067,2.2968798,0.75546396,0.12005694,0.74772882,0.90915108,1.7194321,3.7323427,0.13090391,1.1436392,0.73732978,0.20585655,1.0501356,1.3740561,1.4818383,2.5336876,0.68544793,0.49784699,0.55091661,1.1665232,0.87041622,0.34441805,0.50388658,0.84475666,0.80317074,0.84263062,1.35263,0.21175453,0,0,0.76879662,0.68520254,0.21745791,0.80267525,0.40271425,0.007889807,0.5910331,0.66048044,0.45746011,0.10230788,1.5176353,0,0,0
0.25065231,1.7521666,2.1751451,0,0,0.038589694,0.004297507,0.34091583,0,0.034926742,0.64696735,4.6387658,1.0448389,0.40158221,0.88425046,1.2420664,1.8368456,1.4667461,0,0,0.056070007,0,0,0,0,0,0,0.66656399,2.1616969,0.75031036,0.15711884,0.73334181,0.98998588,1.62981,3.5507929,0.12746884,1.1916863,0.82439923,0.21397021,0.97440755,1.3472942,1.5049605,2.6316037,0.6616379,0.4941158,0.5985176,1.1561049,0.92079455,0.38662103,0.53546083,0.84364372,1.015766,0.84511876,1.4552026,0.22795287,0,0,0.71035385,0.72710276,0.25535312,0.81721193,0.41412675,0,0.58866978,0.67150801,0.42006603,0.11641934,1.4402792,0,0,0
0.2398148,1.6111948,2.1977768,0,0,0.01930712,0.003441888,0.36688691,0,0.023224914,0.68513918,4.3201613,1.0502723,0.364061,0.81981075,1.3299816,1.7485318,1.4800366,0,0,0.020704625,0,0,0,0,0,0,0.66968536,1.8397717,0.70739865,0.15320896,0.72400326,1.0278357,1.5529798,3.3582828,0.15444833,1.1987975,0.73146158,0.19651078,1.0390838,1.3672599,1.5560474,2.7243204,0.63614887,0.56019676,0.6300177,1.1281842,0.96557111,0.45037305,0.49350753,0.79666585,1.0999079,0.83560812,1.4265578,0.22787137,0,0,0.77040261,0.7010408,0.30353323,0.82020438,0.40178594,0,0.56886947,0.64676088,0.40675804,0.12563623,1.3523365,0,0,0
0.20106933,1.7098355,2.0156128,0,0,0.012427527,0,0.40234864,0.004723111,0.007777007,0.6636982,3.9531577,0.97235376,0.38558501,0.78200519,1.3267248,1.7823179,1.5588329,0,0,0.03639368,0,0,0,0,0,0,0.69168681,1.5147845,0.78932983,0.14319739,0.6866731,1.0417362,1.5063308,3.1318254,0.1890865,1.2995833,0.83454984,0.18940981,1.0223902,1.4572636,1.5834643,2.7969034,0.62616777,0.53730071,0.60228902,1.0765156,1.0280875,0.45674708,0.51054382,0.85183614,1.3100262,0.85147893,1.4976691,0.21543106,0,0,0.75686318,0.69000757,0.33674356,0.84905005,0.38572043,0,0.61567128,0.66542822,0.44798154,0.14500436,1.3168828,0,0,0
0.19518372,1.6651559,1.8246655,0,0,0.008883106,0.003807927,0.39329794,0.003350043,0.007816822,0.62518877,3.5776854,1.0132002,0.36350057,0.84951609,1.4178089,1.721038,1.574093,0,0,0.012269529,0,0,0,0,0,0,0.73251575,1.1656669,0.69038284,0.17259614,0.71032095,1.0392908,1.4506583,2.9130723,0.18560025,1.3387508,0.85263473,0.24122277,0.98914212,1.3764048,1.6335063,2.8745737,0.65866816,0.6088028,0.59909809,0.98997015,1.0207043,0.53902829,0.54492617,0.87012047,1.327922,0.81828374,1.5133349,0.23635709,0,0,0.86228061,0.69702601,0.32284448,0.83241659,0.40194523,0,0.6425038,0.63040376,0.41511187,0.14706212,1.2486713,0,0,0
0.20051052,1.5495107,1.6141717,0,0,0.021060716,0,0.38950616,0,0.031047091,0.69658023,3.070354,0.98068827,0.40164611,0.76759088,1.4860612,1.802669,1.6279596,0,0,0.00705066,0,0,0,0,0,0,0.6756869,0.96126449,0.7180329,0.1374819,0.68858004,1.0843564,1.3832532,2.6569779,0.28092617,1.3670795,0.83844495,0.30275899,0.96516907,1.4282516,1.7141116,2.8597717,0.71852374,0.59743631,0.61200994,0.97282302,1.0182934,0.48415846,0.56325084,0.91985226,1.2036842,0.88552701,1.5743825,0.24947283,0,0.018775979,0.85592979,0.68278509,0.36135998,0.853154,0.43411824,0,0.65178573,0.61806428,0.52890605,0.1639933,1.1507446,0,0,0
0.21450779,1.504167,1.4545201,0,0,0,0.007869255,0.41870907,0,0.035075828,0.66829324,2.6531713,1.0081072,0.41238251,0.80788565,1.5570652,1.8565642,1.6177776,0,0,0.017910959,0,0,0,0,0,0,0.76997763,0.76709813,0.67573255,0.16636777,0.65269506,1.0313916,1.2385626,2.39308,0.32617092,1.3848543,0.83225363,0.44225356,0.96841675,1.4725033,1.8025938,2.8778696,0.78209472,0.65697759,0.67166609,0.94155085,1.0602072,0.57135093,0.57141596,0.97092581,1.2986732,0.90533924,1.6412009,0.2790629,0,0.03433181,0.85971868,0.74874479,0.37522769,0.84044844,0.44344449,0,0.70575953,0.61738926,0.51635224,0.1368752,1.1306195,0,0,0
0.22907002,1.5273697,1.3702705,0,0,0.024393616,0.004068052,0.40653825,0,0.015238944,0.72205895,2.3925436,1.0289366,0.43034205,0.69451296,1.6569488,1.7449861,1.6296891,0,0,0.004210978,0,0,0,0,0,0,0.73740065,0.59505546,0.71716934,0.17320734,0.69321775,1.0564116,1.171895,2.2144766,0.39716169,1.4671884,0.96684474,0.61220729,0.99896657,1.6118965,1.8373432,2.7944968,0.78306764,0.59300452,0.75061977,0.88350147,1.0741599,0.58980936,0.56440163,1.0207198,1.1779439,0.89499509,1.6503062,0.28222832,0,0.083549321,0.8422941,0.73932159,0.37818485,0.82110393,0.44660312,0,0.72519881,0.66770697,0.62262839,0.17187461,1.0641809,0,0,0
0.27141342,1.5172184,1.1509472,0,0,0.042682432,0,0.4255155,0.003595287,0.047566004,0.75080389,2.186748,1.1229615,0.43273553,0.63586503,1.8503335,1.8115914,1.642045,0,0,0.028126596,0,0,0.052464936,0,0,0,0.75388694,0.55519319,0.68543065,0.19264847,0.63528562,1.1678865,1.1119518,1.9894434,0.45753065,1.4915913,1.0241554,0.77495521,1.0098724,1.6115021,1.8819468,2.7856131,0.7396304,0.6122852,0.72507614,0.87476391,1.153773,0.59518117,0.47884458,1.0465612,0.93035388,0.89500046,1.7808998,0.30226725,0,0.14271039,0.84652793,0.69841677,0.39043659,0.83324867,0.47660071,0,0.75367749,0.6575464,0.63632238,0.15855817,1.0019644,0,0,0.003482758
0.29590821,1.3402088,1.0510616,0,0,0.08217483,0,0.46482983,0.020730965,0.018741934,0.68548989,1.9515716,1.2425802,0.45267183,0.65142351,1.9718384,1.9378533,1.7089354,0,0,0.12484745,0,0,0.089824177,0,0,0,0.70237952,0.48005629,0.68232381,0.16819493,0.62981421,1.233598,1.0620935,1.8181038,0.51098162,1.4865701,1.1037136,1.0563945,0.97982866,1.6433386,2.0154898,2.6407123,0.74279344,0.68810064,0.68309343,0.84285676,1.0483543,0.6269322,0.58760774,1.1601776,0.74612004,0.92298776,1.9258794,0.28656742,0,0.2028506,0.87579745,0.74440724,0.44837108,0.79446852,0.44740218,0,0.80913186,0.71051633,0.78712922,0.15948929,0.89977443,0,0,0.004145594
0.38313544,1.3431011,1.0055435,0,0,0.10903001,0,0.42238832,0.049737945,0.007429821,0.76086521,1.9860874,1.3268673,0.49789342,0.69721532,2.0295937,1.9674444,1.5684534,0,0,0.19591008,0,0,0.2297117,0,0,0,0.72575366,0.4437739,0.68486166,0.15190835,0.59945309,1.2957571,0.98370486,1.5842155,0.54530567,1.57522,1.1471829,1.3146945,0.95542026,1.6371993,2.0392597,2.6106184,0.71924067,0.63084012,0.68618137,0.79840046,1.0373143,0.68949372,0.56447774,1.2812828,0.21436581,0.92096835,1.8313669,0.28424731,0,0.30054101,0.8897118,0.76150447,0.42229083,0.7843715,0.48382261,0,0.86913121,0.68855619,0.81108063,0.17823191,0.83536899,0,0,0
0.60194439,1.2349504,0.88677734,0,0,0.11044828,0,0.44868526,0.036482241,0.010987653,0.78070635,2.1022582,1.4717098,0.50229782,0.74055147,2.1449108,2.0822427,1.6552073,0,0,0.43675408,0,0,0.29357186,0,0,0,0.63430268,0.44678277,0.696863,0.1869535,0.64911479,1.3170805,0.94404715,1.5399305,0.59127444,1.4336458,1.2055176,1.3021435,0.96846044,1.7196209,2.0517898,2.4650502,0.85432732,0.71652853,0.65221703,0.84704226,1.1038133,0.69178569,0.60289621,1.4883844,,0.94388103,1.9603273,0.31168184,0,0.44322973,0.87893689,0.77531451,0.44205174,0.77947718,0.48106405,0,0.82617301,0.64684701,0.82690412,0.18237892,0.78879195,0,0,0
0.65443444,1.1800427,0.75799429,0,0,0.12364884,0,0.46539673,0.11483524,0.0044575,0.84226567,2.1504126,1.5427227,0.55436867,0.79472023,2.3240352,2.1653752,1.7766241,0.01219501,0,0.484045,0,0,0.23198462,0,0,0,0.66524094,0.40712205,0.77329046,0.15625951,0.63823295,1.335652,0.89631188,1.4759994,0.58278126,1.4451393,1.2060169,1.3686911,1.0033001,1.7805784,2.088913,2.3878238,0.7561208,0.85018718,0.65740669,0.83174765,1.0715256,0.76160693,0.63069749,1.8405639,,0.95162052,1.877401,0.33986405,0,0.45555997,0.88837034,0.77928269,0.41809654,0.80425566,0.49238679,0,0.87146062,0.68863285,0.83285153,0.22202051,0.79000723,0.004178325,0,0
0.93794119,1.0689019,0.7057094,0,0,0.24372147,0,0.43820167,0.091832481,0,0.81760675,2.1695907,1.6958498,0.56637096,0.85302818,2.3437178,2.3617492,1.8222468,0.093832657,0,0.67332768,0,0,0.055288266,0,0,0,0.66199309,0.39451271,0.83779329,0.14866367,0.64573747,1.3300917,0.91192925,1.5065198,0.64301723,1.5480516,1.2842766,1.4699779,1.004961,1.7597046,2.085809,2.3192797,0.87617683,0.86880338,0.68090034,0.83222097,1.1866522,0.64624918,0.61608583,2.1145554,,0.95431477,2.0441043,0.33394963,0.015918065,0.61519909,0.92220455,0.76551729,0.45077103,0.78768307,0.50786835,0,0.90944135,0.69293851,0.91899872,0.22683318,0.75771153,0,0,0
1.1946715,1.0446322,0.6186924,0,0,0.27922654,0,0.45954162,0.14767525,0.003462383,0.84999931,2.3152723,1.7955004,0.6138835,0.88725847,2.4261749,2.63503,1.8536906,0.16783734,0.01683742,0.68997741,0,0,0,0,0,0,0.68494254,0.38663471,0.95460975,0.11619485,0.68024588,1.3381113,0.92805064,1.5314599,0.70555061,1.5127459,1.2594279,1.5852747,1.0279057,1.7250712,2.109334,2.1234283,0.94052595,0.94004673,0.7140702,0.86282331,1.1792775,0.69464481,0.54295754,2.1726668,,0.92362016,1.9174844,0.34428248,0.021885591,0.54269397,0.9928779,0.90174353,0.47615814,0.76303035,0.5355314,0,0.93436623,0.68818831,1.00526,0.24401888,0.74103266,0,0,0
1.2517403,0.87339467,0.54790705,0,0,0.44188112,0,0.45178965,0.14896405,0.012433288,0.87324846,2.164469,2.0276222,0.65152419,0.953852,2.5263622,2.6365018,1.9755174,0.23333052,0.15794523,0.61829531,0,0,0,0,0,0,0.649423,0.37586007,0.98735482,0.14157368,0.68940872,1.4002869,0.86779511,1.7774073,0.73898566,1.6632367,1.4135737,1.6952785,1.0593699,1.705393,2.1012268,1.9496853,0.99806648,0.98851579,0.71006554,0.81624782,1.3710754,0.65031844,0.58664209,2.308939,,0.91313922,2.0796387,0.33295906,0.032010805,0.51469606,1.0042367,0.99842262,0.50087214,0.73958027,0.51173258,0,0.94051701,0.74472898,1.099636,0.23934381,0.81745803,0.007349456,0,0
1.2762191,0.85642558,0.53170931,0,0,0.6940586,0,0.43959686,0.19389695,0.02803082,0.95167655,1.8042477,2.1710563,0.62141305,0.97120953,2.5735366,2.725152,1.9442805,0.4400191,0.27119112,0.19692212,0,0,0,0,0,0,0.64014804,0.37117347,1.1139742,0.10702047,0.72059631,1.4607651,0.93041855,1.8643783,0.80567819,1.6866401,1.4602783,1.6901156,1.1009591,1.9701213,2.194881,1.7702712,0.95193791,1.167762,0.74044669,0.89546216,1.443427,0.6096952,0.57414478,2.2934487,,0.90975022,2.0909543,0.31960249,0.054299895,0.49695212,1.0101693,0.99359798,0.5470947,0.77743012,0.53113794,0,0.97943354,0.75871986,1.231214,0.26057196,0.84454268,0.037365343,0,0
1.4923415,0.67078269,0.55280757,0,0,0.90666378,0,0.4498418,0.18749607,0.050491065,0.95540529,1.1939334,2.4230266,0.66063517,1.0148211,2.6384008,2.8510072,2.052388,0.44799346,0.41025046,0,0,0,,0,0,0.014340576,0.61085778,0.38230291,1.1706774,0.14846933,0.78019768,1.5102874,0.98542255,1.9511372,0.92283404,1.9494174,1.5924368,1.7083699,1.1317961,1.8875369,2.2781177,1.5137026,1.0221657,1.3036101,0.73830605,0.90235925,1.5098054,0.39183804,0.581792,2.1941321,,0.9445222,2.2817709,0.29084402,0.047023091,0.36265418,1.0790998,0.98302531,0.51840115,0.71700662,0.58617717,0.003723616,0.97543794,0.73248881,1.3617394,0.29131848,0.91370302,0.072730981,0,0
1.5869555,0.59284538,0.59343892,0,0,1.2101232,0,0.42429042,0.23903465,0.060174558,0.96284521,0.33656812,2.491641,0.62586862,1.1363724,2.7650113,2.863179,2.1463234,0.57540649,0.59225118,0,0.035176788,0.005363565,,0,0,0.075348377,0.64203322,0.38691923,1.2502091,0.11950061,0.84859544,1.5670317,1.052825,2.2232664,0.95014685,2.0297296,1.7161598,1.7342187,1.2187492,1.9004455,2.1805673,1.2383732,1.1281873,1.4693127,0.7561121,0.94142598,1.627645,0.21512674,0.65072948,2.2936862,,0.97072238,2.1648223,0.29666251,0.077833913,0.11493623,1.0947949,1.0248349,0.57582879,0.68203986,0.53845304,0.007034071,1.0315922,0.7234422,1.5456667,0.28237709,0.91513193,0.090650089,0,0
1.7141446,0.48096848,0.62606478,0,0,1.3399795,0,0.474574,0.2947216,0.060152385,1.0172119,,2.5317562,0.59739608,1.0955871,2.7738853,2.8466194,2.2580204,0.65197676,0.60740459,,0.10047029,0.040282056,,0,0,0.15004049,0.57023025,0.39945033,1.2265271,0.11279508,0.85942703,1.5800947,1.1478131,2.196979,1.0943137,2.1368499,1.9866308,1.6212753,1.2383444,1.8166662,2.2957621,0.94940251,1.0990773,1.4440701,0.74864584,0.94841975,1.7366463,0.073114835,0.62973028,2.0265622,,0.96168786,2.2665877,0.28839704,0.05442708,,1.0950096,1.0399047,0.59841853,0.68186921,0.59536403,0.016289629,1.0407423,0.7065869,1.6549106,0.34935921,1.0902507,0.10349864,0,0
1.9856039,0.44166905,0.65073365,0,0,1.6919585,0,0.44018427,0.33725074,0.10307842,1.0157914,,2.4473464,0.60837764,1.1903656,2.7759488,3.0733168,2.4531784,0.52729511,0.8004427,,0.091614537,0.12917833,,0,0,0.28942677,0.5619393,0.39618409,1.2894605,0.12713766,0.92131269,1.6240132,1.2331372,2.5245326,1.1409972,2.1260197,2.2896528,1.307602,1.2914778,1.8779819,2.3605025,0.8164531,1.143666,1.5472866,0.79875386,0.9547925,1.7954794,0,0.64184874,2.0244296,,0.97444862,2.1374314,0.31640747,0.09974438,,1.0747651,1.0565611,0.57506496,0.66516989,0.60019511,0.026511217,0.98257792,0.71941191,1.5954964,0.33000177,1.1465709,0.15753831,0.003644309,0
1.7204856,0.38149303,0.6990636,0,0,1.8551228,0,0.49659434,0.37827143,0.093939692,1.0735363,,2.2852719,0.58528507,1.2052852,2.8142977,2.9295714,2.5999382,0.68359512,0.8296594,,0.24383596,0.20282432,,0,0,0.23918946,0.5084036,0.41999549,1.4786847,0.13795027,0.95390046,1.5906552,1.2282144,2.3223376,1.1530234,2.1807966,2.0638819,0.79514259,1.2858278,1.8458652,2.5380528,0.65641248,1.1672931,1.6268085,0.7828933,1.02887,1.7933972,,0.69691342,1.5971279,,0.92373031,2.3165109,0.31016567,0.12578826,,1.096342,1.067503,0.65311694,0.75249428,0.59213287,0.05709881,0.99177653,0.78486073,1.6837782,0.31936577,1.2300507,0.19505413,0.003966651,0
1.9109586,0.35757729,0.67018706,0,0,1.7246565,0,0.5157429,0.3617456,0.083075598,1.085135,,1.9951384,0.63451326,1.3122302,2.720252,2.6239154,2.7455933,0.71705097,0.94747674,,0.37904599,0.39390427,,0,0,0.31484523,0.56875348,0.42305955,1.6191227,0.17293192,1.0260576,1.6751759,1.3191181,2.4231822,1.1566275,2.1965408,2.131711,0.2713854,1.393106,1.8143444,2.7002008,0.61158109,1.2335312,1.7896585,0.80942827,1.0459932,2.0134983,,0.68645394,1.0637712,,0.92060173,2.0957403,0.32840434,0.14772591,,1.1069431,1.1422986,0.65437376,0.77844894,0.6839543,0.072111465,1.0325016,0.8482976,1.5563128,0.33891895,1.2209351,0.31711018,0.004800598,0
1.6321008,0.33428842,0.82065755,0,0,1.7515261,0.007392098,0.52146119,0.49939194,0.069453418,1.1007714,,1.5205936,0.62369311,1.322139,2.4081314,2.7248375,2.7761517,0.62930298,0.73488015,,0.54020232,0.39901286,,0,0,0.36737484,0.55480129,0.43848136,1.7798227,0.16930716,1.0809257,1.7416888,1.366595,2.4274623,1.3125652,1.9235055,1.910893,,1.502468,1.8956528,2.8142903,0.59723395,1.3459527,1.8157914,0.87793297,1.0644059,2.3524141,,0.74868613,0.7033487,,0.87799448,2.1959486,0.33886072,0.1674809,,1.1740618,1.1701881,0.70163333,0.80147445,0.74015284,0.094690859,1.0195749,0.82795608,1.3823701,0.38223654,1.3299297,0.25180811,0,0
0.86842072,0.35011768,0.79554552,0,0,1.4464995,0.10923389,0.56932288,0.4804289,0.093048185,1.1094445,,1.1990219,0.70447052,1.383368,2.223691,2.3072238,2.8571489,0.76188898,0.76710761,,0.68343383,0.42715371,,0,0,0.34237608,0.55212718,0.46531695,1.9368172,0.19217218,1.1034153,1.8512235,1.389058,2.4036977,1.3372247,1.6202776,1.840204,,1.5041455,1.8219898,2.8903623,0.55950445,1.3680998,1.9564424,0.92462134,1.0971369,2.3203442,,0.72027373,0.11297484,,0.84593099,2.0857592,0.30871493,0.2015401,,1.2539734,1.2277222,0.63515878,0.83777863,0.71695429,0.12181741,1.0482291,0.82210749,0.97623175,0.37235197,1.324944,0.29209638,0,0
,0.30194348,0.98943639,0,0,1.0950867,0.28774855,0.61902153,0.54893929,0.11227757,1.1996212,,0.44589365,0.68326813,1.3713005,1.694319,2.2214558,2.6107721,0.27628428,0.7655521,,0.96892321,0.28912008,,0,0,0.37654847,0.61859733,0.45552677,1.9855486,0.1948242,1.1353092,1.9228767,1.3311265,1.9586587,1.3014845,0.85874486,1.3592577,,1.6929485,1.8946449,3.0290816,0.54211473,1.3593082,1.9479752,0.83329803,1.1790847,2.6811125,,0.73105907,,,0.89787108,1.8872796,0.35577685,0.26099885,,1.2023517,1.2474986,0.71849668,0.81351668,0.72941929,0.16546723,1.1505201,0.84052008,0.56048501,0.38640404,1.4184235,0.36542639,0.004097986,0
,0.25041959,1.0038379,0,0,0.32014367,0.70474458,0.61160237,0.56915599,0.13052428,1.1841129,,,0.69080275,1.3157933,1.0461428,1.5901283,2.4816861,0.1298078,0.40744874,,1.0849894,0.29114103,,0,0,0.25486794,0.67002553,0.46859226,2.0121193,0.21920064,1.2066365,2.0499418,1.4097236,1.9278921,1.2947683,0.22680633,0.70562381,,1.7267706,1.9478658,3.2187946,0.5053035,1.4700457,2.0361991,0.92096841,1.2023455,2.6701362,,0.78241289,,,0.87126827,1.7087721,0.33175337,0.30166587,,1.1887116,1.2885505,0.757348,0.82427728,0.72335911,0.19134431,1.2625532,0.87328637,0.1410404,0.38563091,1.4521073,0.46159515,0.003497895,0
,0.18735278,1.1601298,0,0,,0.84288311,0.71123666,0.64800274,0.11955111,1.1662472,,,0.73513836,1.4258323,0.47593886,1.3485441,2.0284595,0,0.11916456,,1.2621858,0.27273968,,0,0,0.21401276,0.66490126,0.51224124,2.055078,0.23164091,1.2777348,2.2530899,1.4618702,1.154476,1.1487384,,0.13418706,,1.8586266,2.0699635,3.4576974,0.50122982,1.5272943,1.9843862,0.88299417,1.2379007,3.0290465,,0.78948575,,,0.91484332,1.4765106,0.3207629,0.38311419,,1.2149208,1.3800721,0.70247185,0.84139127,0.72655773,0.23880252,1.2926168,0.97575122,,0.39661959,1.6474174,0.55805391,0.003709677,0
,0.22286123,1.2257316,0,0,,1.2976117,0.80166018,0.68358797,0.17122275,1.1825833,,,0.70373154,1.4960271,0,0.52347082,1.4671929,,0,,1.2172649,0.10437458,,0,0,0.042915773,0.64106423,0.46973732,2.2529464,0.22035341,1.3817629,2.4151218,1.5606235,0.42600486,1.0593915,,,,2.0245411,2.0665286,3.5202246,0.4956789,1.5400672,1.971383,0.96220702,1.2822397,2.8362079,,0.81197858,,,0.85203123,1.0570514,0.33729848,0.41499102,,1.2291821,1.3802966,0.82143921,0.83354759,0.74805713,0.27944803,1.3473188,1.0851095,,0.39365566,1.7574673,0.6337406,0.017332714,0
,0.14732656,1.5373358,0,0,,1.1227446,0.91879308,0.7261005,0.24193431,1.1320316,,,0.79785722,1.3091086,,,1.1508294,,,,1.2398175,0.020006711,,0,0,0,0.69111753,0.54531616,2.3403134,0.21978688,1.4771261,2.5196996,1.6482198,,0.93019181,,,,2.1149004,2.253418,3.5641694,0.45037749,1.6947366,1.9577219,0.99733329,1.318656,2.9542248,,0.80904454,,,0.87508541,0.5483014,0.31077296,0.50279146,,1.2734101,1.4366434,0.80449969,0.86193311,0.80819917,0.38604015,1.5613075,1.1356794,,0.40682963,1.9816357,0.71345079,0.052239612,0
,0.17029212,1.6098301,0,0,,0.63057804,0.95580935,0.84000528,0.29754809,1.1125759,,,0.80239964,1.4159775,,,0.34413797,,,,1.0520664,0,,0,0,,0.75294226,0.57541794,2.2535577,0.23001014,1.5279742,2.6768172,1.8005757,,0.8074441,,,,2.433959,2.3278315,3.694809,0.46932012,1.7604945,1.757537,1.0288448,1.3870296,2.9674964,,0.81758428,,,0.88244474,0,0.31453437,0.61362696,,1.2293563,1.4159298,0.90287685,0.87880063,0.7935397,0.36565882,1.5675755,1.1950092,,0.42301974,2.0354593,0.83755136,0.051871926,0
,0.20059446,1.6742717,0,0,,0.34624419,1.0591515,1.0248066,0.34398258,1.2038988,,,0.74770588,1.4172002,,,,,,,0.93158126,0,,0,0,,0.80054885,0.59462929,2.239851,0.24705252,1.7392057,2.7896237,1.8184087,,0.56690073,,,,2.5781665,2.5826144,3.8610191,0.44359973,1.813658,1.2729752,1.085171,1.4628968,3.1697295,,0.83397061,,,0.92180252,,0.34704927,0.66212189,,1.2838777,1.5420194,0.92078686,0.98855996,0.85617805,0.47033539,1.7354546,1.220046,,0.445961,2.1310868,0.98441297,0.065837301,0
,0.25391781,1.961267,0,0,,0.02583722,1.1490614,0.98749745,0.39460894,1.1676486,,,0.74394661,1.1156622,,,,,,,0.26194459,,,0,0,,0.83192527,0.65140313,1.8755292,0.2785129,1.8398985,2.8859961,2.0273519,,0.28134149,,,,2.9652097,2.7818403,3.756187,0.43059537,1.8626858,0.91748673,1.0465792,1.4994544,3.2488081,,0.89011377,,,0.90154165,,0.38008356,0.86330295,,1.2679479,1.6139957,0.89178145,0.97472316,0.89165926,0.57353222,1.8396354,1.3212845,,0.44408253,2.1985538,1.0782092,0.066055343,0.003456976
,0.21469954,2.0056999,0,0,,,1.3563794,1.2472078,0.43826246,1.1393299,,,0.70162725,0.86635184,,,,,,,0.003438282,,,0,0,,0.90983999,0.70114827,1.618022,0.29520425,2.008189,2.9491811,2.1304586,,0.026829781,,,,3.1916153,2.8755088,3.5980277,0.47580695,1.9182296,0.47203082,1.0873415,1.6277679,3.2183187,,0.89672071,,,0.97418839,,0.36404598,0.82450455,,1.2610978,1.5039773,1.020027,1.0273702,0.90904039,0.73102504,1.8301529,1.4438354,,0.45941603,2.3533013,1.2006024,0.066779383,0
,0.22971873,2.0628414,0,0,,,1.3802785,1.3654866,0.47965857,1.2075555,,,0.77914792,0.49747679,,,,,,,0,,,0,0,,0.9700498,0.79820454,0.98603058,0.33162892,2.1467018,2.9493718,2.6185956,,,,,,3.1423054,2.9511058,3.5667894,0.46970335,2.0465186,0,1.1409013,1.7344501,3.2903047,,0.94166708,,,0.97299474,,0.40577507,0.89019704,,1.316937,1.7313865,1.0458118,1.0804036,0.95360535,0.80293119,1.8622836,1.5730789,,0.46935016,2.1934273,1.3254818,0.054668151,0
,0.272614,2.181556,0,0,,,1.6441851,1.4629434,0.46756855,1.2659291,,,0.75941151,0.16918848,,,,,,,,,,0,0,,1.0751152,0.84820902,0.4692001,0.41738501,2.3394876,2.9811385,2.7773919,,,,,,3.2497888,3.0823524,3.2428691,0.47899598,2.2198391,,1.1885388,1.7568094,3.1167231,,1.0300001,,,1.0331854,,0.42870066,0.97019833,,1.2875003,1.7203437,1.0147611,1.1117791,1.0498748,0.90149993,1.7643204,1.5911012,,0.45795441,2.305687,1.4990858,0.1135553,0
,0.22951275,2.3127701,0,0,,,1.8347701,1.6526117,0.56622672,1.3314825,,,0.86228704,0,,,,,,,,,,0,0,,1.0781984,0.90840113,0.091596402,0.4289785,2.5574143,2.9050927,3.4060686,,,,,,3.2458088,3.136883,2.7696114,0.4663766,2.0834315,,1.2432553,1.8763016,2.9087393,,1.0166688,,,1.0246267,,0.44183797,0.75302774,,1.4033878,1.7388238,1.0517297,1.1504662,1.2485321,1.0462203,1.8436043,1.7125852,,0.49790195,2.4029486,1.6187748,0.12151587,0
,0.21663649,2.1412227,0,0,,,1.9839882,1.8254974,0.62577331,1.3326198,,,0.93369192,,,,,,,,,,,0,0,,1.1539106,0.99263525,,0.5167107,2.6436503,2.7449162,3.2326236,,,,,,3.1373801,3.1164222,2.2878914,0.47605184,2.0857239,,1.2807413,2.0043736,2.9233088,,1.0554926,,,1.0237856,,0.49966919,0.60224235,,1.3667419,2.017205,1.0090165,1.265095,1.355355,1.2099888,1.9298652,1.7850361,,0.53560406,2.5203009,1.8674457,0.14124298,0
,0.24000551,2.2290602,0,0,,,2.2094409,1.9283227,0.79251134,1.3336556,,,0.98263162,,,,,,,,,,,0,0,,1.252043,1.0422415,,0.52367413,2.8686688,2.6584167,3.4404268,,,,,,3.1024373,3.5778148,0.95947361,0.50061029,2.0381048,,1.3166199,2.0690579,2.1491866,,1.1501349,,,1.065007,,0.50796318,0.53746307,,1.3931957,2.0782676,1.084507,1.3184201,1.5922085,1.1254988,1.7310745,1.8523036,,0.54886836,2.3787808,1.9280672,0.19068034,0.004108445
,0.21319826,2.0319688,0,0,,,2.4349182,1.9624246,0.76153296,1.3359435,,,1.0693169,,,,,,,,,,,0,0,,1.3559256,1.0972332,,0.5300523,3.0829246,2.5537713,3.2387869,,,,,,2.9286919,3.178664,,0.53241527,2.0835826,,1.3966506,2.2128363,1.5991602,,1.0886341,,,1.0178244,,0.53371161,0.26130819,,1.356721,2.1687717,1.1217707,1.5710087,1.4207398,1.2147942,1.8594096,1.9336032,,0.60133219,2.1451962,1.7481639,0.2396445,0.007806983
,0.19475508,1.6678677,0,0,,,2.9095068,1.8381673,0.7123301,1.3976269,,,1.1609423,,,,,,,,,,,0,0,,1.453795,1.3046001,,0.57762033,3.1042051,1.9197872,2.7858851,,,,,,2.7628019,2.9524317,,0.54038543,1.9050331,,1.4781102,2.4300108,0.41354123,,1.0985409,,,1.0781491,,0.50970298,0.11744732,,1.3861682,2.2516932,1.1734422,1.6107183,1.6821547,1.0887315,1.8736042,1.9514554,,0.63780844,1.7075912,1.8558978,0.27766535,0.017028645
,0.2003943,1.1819695,0,0,,,3.1876769,1.8931729,0.67339402,1.433044,,,1.1526934,,,,,,,,,,,0,0,,1.599334,1.3814036,,0.59947532,3.2374353,1.3246788,1.7012931,,,,,,2.1696494,3.0780678,,0.55002129,1.7290902,,1.6134577,2.5180874,,,0.97952229,,,1.1473105,,0.57082403,0.017007859,,1.3739562,2.3139162,1.3294569,1.5986681,1.6272038,1.009675,1.9826117,2.0181358,,0.63166237,1.0956626,1.7461252,0.30635455,0.031946614
,0.2458722,0.36567423,0,0,,,3.3017192,2.0504465,0.3047401,1.5533426,,,1.1683037,,,,,,,,,,,0,0,,1.6078509,1.6761444,,0.64330477,3.4025507,0.78232217,0.57004952,,,,,,1.6101574,2.6948462,,0.58362526,1.3037118,,1.7143091,2.7164488,,,0.9330169,,,1.1149731,,0.56345421,,,1.3780746,2.4786129,1.4112839,1.7716773,1.7056094,0.82351828,2.0965316,2.2139015,,0.62739122,0.51507121,1.5150386,0.33908311,0.021736061
,0.28074065,,0,0,,,3.6228077,1.5700933,0.073752262,1.532511,,,1.2073921,,,,,,,,,,,0.011808843,0,,1.6807089,1.8616598,,0.65359694,3.5321259,0.22820756,,,,,,,0.90705097,2.1593676,,0.64624971,0.86869538,,1.7703565,2.892591,,,0.78155732,,,1.201593,,0.59545439,,,1.3613564,2.3500965,1.4044172,1.8578727,1.8757682,0.55584365,2.1569324,2.2806289,,0.71125031,0,1.0898788,0.40157849,0.026912849
,0.32713407,,0,0,,,3.9504893,1.4507483,,1.5395801,,,1.2127966,,,,,,,,,,,0.11845028,0,,1.7359405,1.9907563,,0.73672354,3.5096328,,,,,,,,0,1.3609893,,0.77382892,0.24810719,,1.943097,3.1102302,,,0.6194995,,,1.20366,,0.58321947,,,1.3982408,2.420907,1.4097776,1.8189367,1.7933955,0.39567441,2.4036334,2.4769382,,0.71660715,,0.68893439,0.43901896,0.036624055
,0.32124597,,0,0,,,4.0007806,1.0351413,,1.6304463,,,1.2496378,,,,,,,,,,,0.14322598,0.011764642,,1.7984924,2.2374384,,0.78105789,3.5859897,,,,,,,,,0.29371729,,0.88615978,,,2.0155423,3.368314,,,0.19108807,,,1.2642416,,0.53882498,,,1.4198688,2.0468554,1.3423648,1.9832314,1.8434877,0.11607764,2.4111292,2.619251,,0.73872012,,0.21481201,0.45242122,0.033840373
,0.37245971,,0,0,,,4.2684298,0.84875882,,1.6456698,,,1.3071423,,,,,,,,,,,0.26498637,0.012559721,,1.8698785,2.7001774,,0.84419912,3.7354279,,,,,,,,,,,1.043442,,,2.176652,3.4029014,,,,,,1.3317007,,0.60407025,,,1.3986925,1.7320263,1.3643217,1.9091927,1.8368154,,2.566756,2.7443705,,0.7871542,,,0.49435136,0.036448721
,0.53626984,,0,0,,,4.3797545,0.43088338,,1.5545784,,,1.307458,,,,,,,,,,,0.27191347,0.022671057,,2.0085878,2.9611847,,0.82096243,3.5359752,,,,,,,,,,,1.1504318,,,2.3054526,3.7214119,,,,,,1.3425225,,0.63843226,,,1.3152862,1.250813,1.273059,1.979872,2.0623789,,2.6006954,2.8682117,,0.83754528,,,0.56097317,0.055143312
,0.58986783,,0,0.009299173,,,4.6052585,0.17071079,,1.6050891,,,1.3539015,,,,,,,,,,,0.37644464,0.036685381,,2.0795021,3.3375943,,0.87242079,3.6240287,,,,,,,,,,,1.2600721,,,2.5506585,3.8589056,,,,,,1.3364524,,0.69950372,,,1.0455495,0.41311249,1.0749569,2.1084256,2.1145153,,2.8536539,2.863183,,0.84470022,,,0.61635077,0.054354984
,0.69090205,,0,0,,,4.2767453,0.022355944,,1.6267202,,,1.5138311,,,,,,,,,,,0.27516839,0.030867392,,2.200074,3.5373893,,0.83493066,3.2545292,,,,,,,,,,,1.4525926,,,2.6803606,3.7982318,,,,,,1.4434282,,0.69711143,,,0.7912854,,0.79714566,2.1358759,1.9164536,,2.8781404,3.1209939,,0.88877493,,,0.65066302,0.066127561
,0.82061136,,0,0.02421958,,,4.2557244,0,,1.6315947,,,1.5435945,,,,,,,,,,,0.31465539,0.015037475,,2.1731832,3.6474214,,0.86876076,2.6101842,,,,,,,,,,,1.5602705,,,2.7557209,3.9434657,,,,,,1.4921257,,0.78224468,,,0.45456812,,0.42168722,2.2964518,2.0282335,,3.2245312,3.2502813,,0.92492098,,,0.69384277,0.10010143
,0.90884054,,0,0.004063945,,,4.2244005,,,1.5899452,,,1.667195,,,,,,,,,,,0.18136655,0.003604424,,2.0863466,3.9404993,,0.71284157,1.7970719,,,,,,,,,,,1.8794608,,,2.7516963,4.048574,,,,,,1.4444565,,0.76186204,,,0.14243318,,0.1280127,2.4396064,2.1245792,,3.3240335,3.298126,,0.96209443,,,0.73258078,0.086126789
,1.0176402,,0,0.071626388,,,3.6053574,,,1.5661838,,,1.7263607,,,,,,,,,,,0.08992102,0,,2.2600296,3.940248,,0.57351476,0.94887972,,,,,,,,,,,2.0258951,,,2.8925512,3.7041566,,,,,,1.6153637,,0.81942469,,,,,,2.6091144,1.9870019,,3.6522934,3.2537425,,0.96195883,,,0.88366544,0.067118987
,1.0639327,,0,0.10504638,,,3.3664708,,,1.5375491,,,2.0445089,,,,,,,,,,,0,0,,2.1502352,4.3557568,,0.50342005,0.25679353,,,,,,,,,,,2.1028206,,,2.9892352,3.5359523,,,,,,1.4855773,,0.80660981,,,,,,2.8678288,1.6178547,,3.748847,3.4979708,,0.98129135,,,0.90182453,0.058747336
,1.165449,,0,0.17900462,,,2.8602924,,,1.5187912,,,2.3099151,,,,,,,,,,,0,0,,2.4554362,4.5273466,,0.37372169,,,,,,,,,,,,2.3285396,,,3.0742342,3.0906892,,,,,,1.5415156,,0.8467716,,,,,,2.8567314,1.6899499,,3.8016028,3.2531366,,1.0465373,,,0.98270231,0.058631174
,1.221606,,0,0.27211604,,,1.9988703,,,1.5805353,,,2.4340825,,,,,,,,,,,,0,,2.415405,4.0653877,,0.21797186,,,,,,,,,,,,2.3825576,,,3.069865,2.2803082,,,,,,1.6270112,,0.90421629,,,,,,3.1604435,1.4280816,,3.4816806,3.323549,,1.0884442,,,1.0534106,0.096449152
,1.312974,,0,0.21173474,,,1.2000531,,,1.6517678,,,2.7826505,,,,,,,,,,,,0,,2.6642997,3.9599793,,0.088907152,,,,,,,,,,,,2.6892285,,,3.0567846,1.1893774,,,,,,1.5810916,,0.94219208,,,,,,3.20263,1.3878914,,2.9739585,3.0242956,,1.1230621,,,1.1239156,0.13113509
,1.3596485,,0,0.42639634,,,0.136811,,,1.6015366,,,2.9966686,,,,,,,,,,,,,,2.9334207,3.8352253,,0.021319063,,,,,,,,,,,,2.5478666,,,3.0592794,0.29138875,,,,,,1.7185076,,0.96701026,,,,,,3.316607,1.3322575,,1.8314346,2.5348525,,1.1262932,,,1.1057621,0.12128462
,1.3488643,,0,0.36550105,,,,,,1.629946,,,3.2069952,,,,,,,,,,,,,,3.2004123,2.7259259,,,,,,,,,,,,,,2.903204,,,3.0725014,,,,,,,1.8097668,,0.97111893,,,,,,3.5680671,1.1544451,,0.9360199,1.9801972,,1.208576,,,1.267278,0.17990884
,1.4041473,,0,0.3747955,,,,,,1.6433908,,,3.0863194,,,,,,,,,,,,,,3.3759162,1.6147826,,,,,,,,,,,,,,2.5378513,,,3.1095219,,,,,,,2.0701196,,0.98041326,,,,,,3.6124423,0.93209338,,0.12961906,1.3632303,,1.3385214,,,1.1654148,0.18536478
,1.5051123,,0,0.48100635,,,,,,1.7064011,,,3.1469283,,,,,,,,,,,,,,3.5128222,0,,,,,,,,,,,,,,2.3667355,,,3.1064601,,,,,,,2.1529179,,0.93984622,,,,,,3.5004771,0.77455401,,,0.72545677,,1.29006,,,1.2163996,0.26216295
,1.5855293,,0,0.3996186,,,,,,1.8297024,,,3.1995628,,,,,,,,,,,,,,3.7480719,,,,,,,,,,,,,,,1.7530104,,,3.6613772,,,,,,,2.2220132,,0.89658368,,,,,,3.716289,0.29756984,,,0.20338567,,1.471962,,,1.2761202,0.28340104
,1.6004701,,0,0.51174676,,,,,,1.9534498,,,3.1006396,,,,,,,,,,,,,,4.0317898,,,,,,,,,,,,,,,1.1678114,,,3.2532005,,,,,,,2.4169345,,0.76472223,,,,,,3.7527328,,,,,,1.4802061,,,1.2175024,0.31232342
,1.6219685,,0,0.38291165,,,,,,2.0914252,,,3.2178876,,,,,,,,,,,,,,4.4024477,,,,,,,,,,,,,,,0.40092272,,,3.6394606,,,,,,,2.5000618,,0.6831854,,,,,,3.7644696,,,,,,1.3080478,,,1.256128,0.35027263
,1.6404483,,0,0.60456598,,,,,,2.2240448,,,3.0691302,,,,,,,,,,,,,,4.7397285,,,,,,,,,,,,,,,,,,3.5117373,,,,,,,2.5529699,,0.58479834,,,,,,3.6297777,,,,,,0.94174182,,,1.2764648,0.39519104
,1.8290761,,0,0.61617601,,,,,,2.2483602,,,3.1552293,,,,,,,,,,,,,,5.0581746,,,,,,,,,,,,,,,,,,2.943002,,,,,,,2.9125845,,0.49725786,,,,,,3.5020473,,,,,,0.54033047,,,1.2538384,0.44169715
,1.8815995,,0,0.5459615,,,,,,2.5188181,,,3.2158875,,,,,,,,,,,,,,5.1978974,,,,,,,,,,,,,,,,,,1.9897729,,,,,,,2.854871,,0.32213286,,,,,,3.3459589,,,,,,0.16472326,,,1.1942846,0.52834666
,2.0614178,,0,0.69290662,,,,,,2.467814,,,3.2861779,,,,,,,,,,,,,,5.4851131,,,,,,,,,,,,,,,,,,0.98779511,,,,,,,3.082689,,0.10862395,,,,,,2.9941719,,,,,,,,,1.2089672,0.49534011
,2.0989709,,0,0.54248494,,,,,,2.6245487,,,3.2796233,,,,,,,,,,,,,,5.3585529,,,,,,,,,,,,,,,,,,0.23149458,,,,,,,3.1539629,,,,,,,,2.4041295,,,,,,,,,1.0604212,0.55990142
,1.8970257,,0,0.77191418,,,,,,2.7750173,,,3.1881685,,,,,,,,,,,,,,5.3496909,,,,,,,,,,,,,,,,,,,,,,,,,3.3017499,,,,,,,,1.8999952,,,,,,,,,0.89985842,0.60380536
,1.5183122,,0,0.67547739,,,,,,2.9789078,,,2.9997959,,,,,,,,,,,,,,4.9046097,,,,,,,,,,,,,,,,,,,,,,,,,3.4567127,,,,,,,,1.3325019,,,,,,,,,0.71186572,0.70144707
,1.1314529,,0,0.70800269,,,,,,3.0358455,,,2.9246049,,,,,,,,,,,,,,4.1855965,,,,,,,,,,,,,,,,,,,,,,,,,3.5469277,,,,,,,,0.35736671,,,,,,,,,0.47124472,0.72517645
,0.4299176,,0,0.73556483,,,,,,3.2358139,,,2.175694,,,,,,,,,,,,,,3.0558546,,,,,,,,,,,,,,,,,,,,,,,,,3.7729776,,,,,,,,,,,,,,,,,0.24135827,0.79411733
,,,0,0.69429302,,,,,,3.3289921,,,1.4896522,,,,,,,,,,,,,,2.0295749,,,,,,,,,,,,,,,,,,,,,,,,,3.9400053,,,,,,,,,,,,,,,,,0.050102625,0.88878059
,,,0,0.88373619,,,,,,3.4157014,,,0.9442811,,,,,,,,,,,,,,1.0818757,,,,,,,,,,,,,,,,,,,,,,,,,4.0245895,,,,,,,,,,,,,,,,,,0.91981888
,,,0,0.72124225,,,,,,3.6163292,,,0.14163861,,,,,,,,,,,,,,0.3018654,,,,,,,,,,,,,,,,,,,,,,,,,4.1912551,,,,,,,,,,,,,,,,,,0.99908471
,,,0,0.74723887,,,,,,3.6694446,,,,,,,,,,,,,,,,,,,,,,,,,,,,,,,,,,,,,,,,,,4.4635348,,,,,,,,,,,,,,,,,,1.1146219
,,,0,0.56937021,,,,,,3.5781362,,,,,,,,,,,,,,,,,,,,,,,,,,,,,,,,,,,,,,,,,,4.4382691,,,,,,,,,,,,,,,,,,1.1444736
,,,0,0.32942784,,,,,,3.6221833,,,,,,,,,,,,,,,,,,,,,,,,,,,,,,,,,,,,,,,,,,4.7392607,,,,,,,,,,,,,,,,,,1.2286592
,,,0,0.18659015,,,,,,3.6713562,,,,,,,,,,,,,,,,,,,,,,,,,,,,,,,,,,,,,,,,,,4.5563598,,,,,,,,,,,,,,,,,,1.2599314
,,,0,0,,,,,,3.706419,,,,,,,,,,,,,,,,,,,,,,,,,,,,,,,,,,,,,,,,,,4.6594095,,,,,,,,,,,,,,,,,,1.304889
,,,0,,,,,,,3.7039773,,,,,,,,,,,,,,,,,,,,,,,,,,,,,,,,,,,,,,,,,,4.557364,,,,,,,,,,,,,,,,,,1.3973432
,,,0,,,,,,,3.7221591,,,,,,,,,,,,,,,,,,,,,,,,,,,,,,,,,,,,,,,,,,4.7451024,,,,,,,,,,,,,,,,,,1.4303465
,,,0,,,,,,,3.6143696,,,,,,,,,,,,,,,,,,,,,,,,,,,,,,,,,,,,,,,,,,4.8329606,,,,,,,,,,,,,,,,,,1.493716
,,,0,,,,,,,3.4988015,,,,,,,,,,,,,,,,,,,,,,,,,,,,,,,,,,,,,,,,,,4.3953104,,,,,,,,,,,,,,,,,,1.5263394
,,,0,,,,,,,3.1740341,,,,,,,,,,,,,,,,,,,,,,,,,,,,,,,,,,,,,,,,,,4.3231392,,,,,,,,,,,,,,,,,,1.5705311
,,,0,,,,,,,2.7319818,,,,,,,,,,,,,,,,,,,,,,,,,,,,,,,,,,,,,,,,,,3.7417948,,,,,,,,,,,,,,,,,,1.6405263
,,,0,,,,,,,2.1706293,,,,,,,,,,,,,,,,,,,,,,,,,,,,,,,,,,,,,,,,,,3.3734159,,,,,,,,,,,,,,,,,,1.5570512
,,,0,,,,,,,1.4291978,,,,,,,,,,,,,,,,,,,,,,,,,,,,,,,,,,,,,,,,,,2.4394472,,,,,,,,,,,,,,,,,,1.568519
,,,0,,,,,,,0.39644361,,,,,,,,,,,,,,,,,,,,,,,,,,,,,,,,,,,,,,,,,,1.7084584,,,,,,,,,,,,,,,,,,1.6149125
,,,0,,,,,,,,,,,,,,,,,,,,,,,,,,,,,,,,,,,,,,,,,,,,,,,,,0.93591529,,,,,,,,,,,,,,,,,,1.6228786
,,,0,,,,,,,,,,,,,,,,,,,,,,,,,,,,,,,,,,,,,,,,,,,,,,,,,0.28412652,,,,,,,,,,,,,,,,,,1.5436683
,,,0,,,,,,,,,,,,,,,,,,,,,,,,,,,,,,,,,,,,,,,,,,,,,,,,,,,,,,,,,,,,,,,,,,,1.4406965
,,,0,,,,,,,,,,,,,,,,,,,,,,,,,,,,,,,,,,,,,,,,,,,,,,,,,,,,,,,,,,,,,,,,,,,1.2411542
,,,0,,,,,,,,,,,,,,,,,,,,,,,,,,,,,,,,,,,,,,,,,,,,,,,,,,,,,,,,,,,,,,,,,,,0.94763547
,,,0,,,,,,,,,,,,,,,,,,,,,,,,,,,,,,,,,,,,,,,,,,,,,,,,,,,,,,,,,,,,,,,,,,,0.60419887
,,,0,,,,,,,,,,,,,,,,,,,,,,,,,,,,,,,,,,,,,,,,,,,,,,,,,,,,,,,,,,,,,,,,,,,0.30059844
,,,0,,,,,,,,,,,,,,,,,,,,,,,,,,,,,,,,,,,,,,,,,,,,,,,,,,,,,,,,,,,,,,,,,,,0.13008144
,,,0,,,,,,,,,,,,,,,,,,,,,,,,,,,,,,,,,,,,,,,,,,,,,,,,,,,,,,,,,,,,,,,,,,,0
,,,0,,,,,,,,,,,,,,,,,,,,,,,,,,,,,,,,,,,,,,,,,,,,,,,,,,,,,,,,,,,,,,,,,,,
,,,0,,,,,,,,,,,,,,,,,,,,,,,,,,,,,,,,,,,,,,,,,,,,,,,,,,,,,,,,,,,,,,,,,,,
,,,0,,,,,,,,,,,,,,,,,,,,,,,,,,,,,,,,,,,,,,,,,,,,,,,,,,,,,,,,,,,,,,,,,,,
,,,0,,,,,,,,,,,,,,,,,,,,,,,,,,,,,,,,,,,,,,,,,,,,,,,,,,,,,,,,,,,,,,,,,,,
,,,0,,,,,,,,,,,,,,,,,,,,,,,,,,,,,,,,,,,,,,,,,,,,,,,,,,,,,,,,,,,,,,,,,,,
,,,0,,,,,,,,,,,,,,,,,,,,,,,,,,,,,,,,,,,,,,,,,,,,,,,,,,,,,,,,,,,,,,,,,,,
,,,0,,,,,,,,,,,,,,,,,,,,,,,,,,,,,,,,,,,,,,,,,,,,,,,,,,,,,,,,,,,,,,,,,,,
,,,0,,,,,,,,,,,,,,,,,,,,,,,,,,,,,,,,,,,,,,,,,,,,,,,,,,,,,,,,,,,,,,,,,,,
,,,0,,,,,,,,,,,,,,,,,,,,,,,,,,,,,,,,,,,,,,,,,,,,,,,,,,,,,,,,,,,,,,,,,,,
,,,0,,,,,,,,,,,,,,,,,,,,,,,,,,,,,,,,,,,,,,,,,,,,,,,,,,,,,,,,,,,,,,,,,,,
,,,0,,,,,,,,,,,,,,,,,,,,,,,,,,,,,,,,,,,,,,,,,,,,,,,,,,,,,,,,,,,,,,,,,,,
,,,0,,,,,,,,,,,,,,,,,,,,,,,,,,,,,,,,,,,,,,,,,,,,,,,,,,,,,,,,,,,,,,,,,,,
,,,0,,,,,,,,,,,,,,,,,,,,,,,,,,,,,,,,,,,,,,,,,,,,,,,,,,,,,,,,,,,,,,,,,,,
,,,0,,,,,,,,,,,,,,,,,,,,,,,,,,,,,,,,,,,,,,,,,,,,,,,,,,,,,,,,,,,,,,,,,,,
,,,0,,,,,,,,,,,,,,,,,,,,,,,,,,,,,,,,,,,,,,,,,,,,,,,,,,,,,,,,,,,,,,,,,,,
,,,0,,,,,,,,,,,,,,,,,,,,,,,,,,,,,,,,,,,,,,,,,,,,,,,,,,,,,,,,,,,,,,,,,,,