0,0,0.043904528,0,0,0,0.033470135,0.11137457,0,0,0,0.2557807,0,0.077971369,0.09927284,0.044308405,0.003957794,0.016361456,0,0,0,0.020285055,0,0,0,0.006016903,0.079689838,0,0,0.045427434,0,0.0606176,0,0,0,0.083233699,0,0,0,0,0.004484708,0,0.050875612,0.028553277,0.000803688,0.04396062,0.036628693,0,0,0,0.015843365,0.039835762,0.056615096,0,0,0,0.017095255,0,0.057941187,0.00427106,0.012993,0.11816652,0,0,0,0,0.037697781,0,0.03526039,0,0.030967169,0,0.074586272,0.057210047,0.055829696,0,0.18591096,0.001078947
0,0,0.39548633,0.010578437,0,0.24083123,0.1858674,0.35843417,0.024619233,0.15789856,0.16070439,0.54221672,0,0.21891505,0.61837798,0.19284417,0.068884961,0.14682022,0.75702959,0.21773481,0.18324439,0.17095795,0.037854634,0,0,0.053051095,0.2856591,0,0,0.14825553,0,0.2377523,0,0.2222586,0.067919135,0.41391358,0.38852745,0.24006812,0.041732386,0.21630205,0.021206684,0.01505315,0.34761477,0.12503162,0.18320131,0.26351148,0.28495908,0.12711574,0.029095234,0.088296302,0.17184156,0.18083747,0.39505008,0.11221706,0.075400308,0.21022142,0.20245039,0.003671008,0.2092568,0.096873358,0.13385372,0.28452685,0.36167294,0.30409202,0.41195431,0.15115659,0.32603553,0.081987768,0.1851742,0.55678266,0.44309384,0.085405529,0.91511947,0.25529808,0.1846711,0.12461698,0.74083626,0.028569458
0,0,0.69789565,0.01061593,0.004077789,0.42839372,0.31090838,0.60458517,0.16486615,0.31458011,0.35294956,0.56314588,0,0.36112198,1.2657903,0.39346781,0.14347143,0.32396492,1.3036624,0.55246979,0.37247807,0.38876006,0.094077431,0,0,0.14399663,0.51284093,0.004745208,0,0.22907799,0,0.37446299,0,0.47747856,0.14841007,0.62465578,0.60732931,0.51215756,0.17688303,0.81565624,0.064250007,0.05474136,0.5492025,0.23306721,0.37126753,0.78837043,0.50887585,0.29915881,0.11442884,0.23742037,0.3759445,0.33123228,0.62993276,0.2706621,0.16648379,0.58264595,0.4129464,0.042051494,0.4469814,0.19911933,0.285395,0.35520852,0.85548961,0.61562651,1.0420969,0.36437878,0.62270433,0.22506219,0.30977103,1.0436361,0.73671895,0.25236237,1.591832,0.31387022,0.33649176,0.29678184,1.3359721,0.062051203
0,0.012950182,0.86891949,0.024485664,0.041285515,0.52602893,0.39066517,0.83829349,0.41007441,0.49523729,0.47519162,0.48827162,0,0.46769676,1.8124654,0.61252034,0.1773974,0.59627569,1.532975,0.99006474,0.47338027,0.63950026,0.14347336,0,0,0.19806777,0.6022855,0.052439231,0.014822001,0.32324347,0,0.41784537,0.017211748,0.7047981,0.21637543,0.80326676,0.69934756,0.73855132,0.38322029,1.4297851,0.10305729,0.095615759,0.56860912,0.31626225,0.59752071,1.2574521,0.55662113,0.48795065,0.21974845,0.35004762,0.46225795,0.39420179,0.84843677,0.43907216,0.23030636,0.69365013,0.55363476,0.10334735,0.7735464,0.30510813,0.46582609,0.33276913,1.1928165,0.85088426,1.615849,0.51254791,0.7544716,0.42763114,0.31683391,1.5006497,0.99090618,0.36927342,1.8502055,0.31885037,0.44582966,0.42584157,1.3788761,0.088853188
0,0.014535644,1.0815831,0.036083557,0.040997226,0.54271436,0.29843566,0.90933806,0.6884644,0.57594025,0.56789708,0.49659371,0,0.62761259,2.1709938,0.6170119,0.1973362,0.77266639,1.3082902,1.3614254,0.5307253,0.90580195,0.11458292,0,0,0.24689773,0.58276266,0.1041556,0.018658774,0.42989871,0,0.3773672,0.075060934,0.82482421,0.25911117,0.75988615,0.64594775,0.76649874,0.5207966,1.6747072,0.10325843,0.082314901,0.54382265,0.38087526,0.68262917,1.4668857,0.42838067,0.50459951,0.32053551,0.44099391,0.47747445,0.39624381,1.1754221,0.56095195,0.25519478,0.84345692,0.64668858,0.10741957,0.91289872,0.29412001,0.55379599,0.27368084,1.1509541,1.0120257,1.7326653,0.55733061,0.75062883,0.63550895,0.29418734,1.5879477,1.176312,0.43772408,1.7238646,0.24733672,0.50485843,0.59876364,1.7078404,0.08348418
0,0.011986208,1.0363028,0.098585062,0.063006148,0.58078456,0.23365021,0.94423485,0.82183063,0.6641385,0.5888781,0.45717639,0,0.64300525,2.2977731,0.63187736,0.17245017,1.0290715,1.0351337,1.536716,0.61153477,1.0455155,0.024463095,0,0,0.3029795,0.58436584,0.096026674,0.034227248,0.47303367,0,0.35814819,0.087568402,0.72622383,0.26509717,0.76268566,0.54349989,0.70281523,0.67270112,1.489871,0.10446455,0.059883215,0.40456444,0.39712369,0.69953048,1.5659324,0.39420488,0.47702986,0.3609871,0.4099637,0.47595999,0.32010907,0.89391714,0.56310302,0.25176847,0.8099609,0.56531954,0.076893449,0.93301916,0.2874245,0.52512211,0.26046681,0.99324858,0.87569606,1.2927673,0.4366751,0.62743676,0.78211528,0.26316541,1.518981,1.1650412,0.43642464,1.3838598,0.20030744,0.52242982,0.69295806,1.4971025,0.035878967
0.02798662,0,1.0339855,0.089294568,0.046013795,0.57102203,0.16685602,0.86919546,0.65855628,0.57391143,0.55925393,0.47638708,0,0.62314624,2.2553256,0.45813796,0.14494458,1.0960953,0.86528671,1.2688599,0.5339452,0.98790699,0,0,0,0.31595024,0.56295907,0.11425576,0.040466238,0.46389505,0,0.3567732,0.098272793,0.61867511,0.2086107,0.69633412,0.42781404,0.59649885,0.64480323,1.1296027,0.10118968,0.015762771,0.36493176,0.44913679,0.67348093,1.2059957,0.24347506,0.36608806,0.32270107,0.37392733,0.35962915,0.24068043,0.88656223,0.50079817,0.24917299,0.69855475,0.37708297,0.049245924,0.7774021,0.21676606,0.46536717,0.25153348,0.73887986,0.73473114,0.98217028,0.38477293,0.49458611,0.8567974,0.22275765,1.303557,1.0228702,0.43470263,0.99185383,0.16942169,0.46509618,0.69419777,1.1991546,0.02867605
0.039340362,0,0.94698817,0.1177843,0.038674142,0.50381058,0.14094453,0.73662716,0.50006652,0.51657313,0.5302543,0.46017382,0,0.55896366,1.9938918,0.385436,0.19391072,0.99364519,0.71508127,0.94213611,0.50827354,1.0000803,0,0,0,0.26946557,0.47986972,0.089789473,0.035160229,0.46271014,0,0.29636925,0.11049104,0.53680414,0.18215658,0.63447803,0.40839827,0.53949612,0.65325159,0.88520533,0.073259056,0.00980535,0.29033223,0.41532716,0.64494163,1.1978468,0.18481033,0.22625169,0.22247647,0.2784673,0.27415058,0.23134281,0.74918324,0.40428072,0.17956915,0.59172386,0.21250728,0.007352069,0.6627298,0.13280399,0.40918571,0.22692111,0.59416276,0.7185908,0.83705205,0.24932906,0.48599446,0.82575643,0.19040744,1.0127445,0.80638105,0.37141976,0.64283091,0.17633282,0.48636699,0.72151059,0.98268896,0.017168298
0.003304203,0,0.94104993,0.17360893,0.020911094,0.50942242,0.11053506,0.61958671,0.27019933,0.4623324,0.52350163,0.45156601,0,0.562244,1.5673963,0.33682021,0.15109958,0.79087365,0.66665709,0.6943354,0.44744805,0.9372049,0,0,0,0.22039977,0.46869701,0.034049787,0.015648752,0.43717366,0,0.3334029,0.082450084,0.51075077,0.15975744,0.64128757,0.42479989,0.5083645,0.59864038,0.84322464,0.054525096,0.00776282,0.29425341,0.43894958,0.67864114,0.79776078,0.21922733,0.17837501,0.18149443,0.29497167,0.22817758,0.23220186,0.7572251,0.31696922,0.15149525,0.56799895,0.20099702,0,0.65695751,0.082072228,0.33230427,0.21868394,0.49266472,0.64087158,0.82304305,0.2216488,0.52369666,0.79908425,0.2116652,0.80477935,0.61765844,0.35061696,0.44938219,0.16481881,0.40693092,0.66896021,0.73643124,0.016469797
0,0,0.87282872,0.16902226,0.030936537,0.48330662,0.07614024,0.62469989,0.15806815,0.32760051,0.51281226,0.44590664,0,0.50891483,1.2332071,0.35130513,0.16361301,0.56758296,0.6490652,0.62528199,0.39767474,0.90972388,0,0,0,0.18250841,0.40778959,0.007859195,0.026366139,0.41889915,0,0.33198464,0.074432082,0.49179068,0.15301664,0.65424806,0.38588673,0.47643194,0.56170565,0.76763082,0.031167934,0,0.31979018,0.45113227,0.69697213,0.65262043,0.18258549,0.14206965,0.20360954,0.23724514,0.21422631,0.21742953,0.68476284,0.26223627,0.1394528,0.40589076,0.17216398,0,0.57952994,0.052503213,0.2974515,0.18371622,0.42222649,0.58032292,0.74133116,0.17919083,0.47259864,0.67794561,0.19402458,0.65832251,0.476603,0.32133403,0.33959633,0.15971696,0.36712492,0.68361926,0.53092688,0.011085006
0,0,0.82175791,0.16289623,0.035430949,0.46350405,0.056123748,0.6369127,0.096702017,0.26222494,0.51285195,0.47088784,0,0.46844751,0.88263988,0.35187817,0.15933383,0.3979452,0.61178726,0.54183459,0.40779442,0.81990051,0,0,0,0.16566314,0.41833866,0,0.028886832,0.43071657,0,0.27066058,0.057650015,0.54274088,0.13872077,0.64510727,0.40083969,0.47613996,0.54706329,0.68252206,0.045519374,0.008035673,0.31204009,0.44600335,0.64387679,0.43688342,0.20826153,0.11190951,0.14991321,0.27679726,0.24489321,0.24436639,0.6954028,0.23625633,0.14078298,0.42757222,0.19114724,0,0.55520743,0.044012096,0.30493677,0.2202369,0.41269961,0.55096924,0.68474102,0.17494261,0.44493291,0.59745032,0.19459322,0.61985898,0.37200648,0.32392353,0.2941809,0.10650533,0.33110929,0.5870266,0.41685462,0.008822796
0,0,0.80838072,0.1385254,0.034223802,0.41293532,0.085614674,0.60277575,0.066811435,0.21865235,0.53477627,0.47197312,0,0.43939894,0.81430113,0.34341317,0.14653036,0.26630068,0.58225,0.54060841,0.42071283,0.80209655,0,0,0,0.12209061,0.35675487,0,0.029337708,0.40960559,0,0.3244682,0.012229345,0.48428071,0.17414868,0.64604968,0.39595053,0.51587689,0.44171178,0.65795273,0.028479047,0.005213393,0.3263641,0.44651902,0.63655007,0.31281608,0.20169947,0.11123327,0.13525578,0.28243378,0.2139532,0.23152713,0.65030169,0.21034126,0.14633729,0.37036762,0.20889124,0,0.49893537,0.027566377,0.32559934,0.21521676,0.37841073,0.48485166,0.70200849,0.19695376,0.42939323,0.62689519,0.17558889,0.592897,0.34343752,0.33020994,0.26021749,0.14761999,0.2985675,0.55002373,0.31451824,0.01257416
0,0,0.83462882,0.099726997,0.025750203,0.44342393,0.10022895,0.59687948,0.050142728,0.19308957,0.5532462,0.43852004,0,0.44832209,0.75237632,0.36741826,0.16776299,0.22291666,0.57849604,0.51413542,0.35832554,0.74844635,0,0,0,0.10706185,0.33059573,0,0.038078383,0.43210471,0,0.28506497,0,0.50989658,0.15077181,0.66980451,0.39699906,0.52643389,0.34592691,0.63317084,0.040478233,0,0.28817201,0.45119905,0.6740396,0.22276282,0.26079246,0.10517536,0.13938724,0.24805611,0.21132977,0.21650255,0.68706512,0.17790376,0.17128927,0.33036485,0.23636305,0,0.49592084,0.016433034,0.3351649,0.24054871,0.35678539,0.44624057,0.67638952,0.18308623,0.4487879,0.59722733,0.1856268,0.55562854,0.3262735,0.31066108,0.20380339,0.12739919,0.31629854,0.48376036,0.25473496,0.006951939
0,0,0.84677726,0.11341153,0.038788266,0.44296965,0.13624759,0.63093281,0.037424479,0.14198428,0.5813908,0.4271121,0,0.41612613,0.7122736,0.36167681,0.13907313,0.18433972,0.53060132,0.57556438,0.39701775,0.65139294,0,0,0,0.091364428,0.34329486,0,0.011976094,0.42665902,0,0.2771329,0,0.51120591,0.14511558,0.67985684,0.34610039,0.53269136,0.27123058,0.62806141,0.064897053,0,0.31922755,0.49635294,0.61216211,0.19686626,0.25598857,0.10783201,0.1288476,0.28275427,0.21809302,0.20868869,0.61644119,0.16498035,0.16918406,0.3573885,0.24963175,0,0.56909949,0.003731975,0.36319309,0.22428091,0.35470372,0.45207489,0.66435999,0.23331374,0.46389839,0.5041967,0.19206542,0.48066244,0.29792961,0.29726496,0.16342084,0.11657491,0.28415924,0.46332887,0.23849306,0.003937127
0,0,0.93763036,0.12697943,0.031449463,0.42196053,0.14173053,0.61759079,0.037888724,0.11617277,0.56520736,0.4297263,0,0.4241772,0.67643023,0.35974178,0.11243454,0.1549321,0.55533814,0.54451907,0.35505322,0.61619556,0,0,0,0.062223248,0.38437116,0,0.022719011,0.41763476,0,0.27621102,0,0.50213379,0.12939943,0.76284027,0.36370543,0.51542127,0.22065765,0.65528935,0.073544063,0,0.36643836,0.47237498,0.62221044,0.22576098,0.27057928,0.12112121,0.087015346,0.27538928,0.22688505,0.17086747,0.55292547,0.13794124,0.17216265,0.33172983,0.28536427,0.004214238,0.54872012,0.010280243,0.33393037,0.25187922,0.3281239,0.4199701,0.6516915,0.23802863,0.45083791,0.43580076,0.18174763,0.48284754,0.32456064,0.33653411,0.16415711,0.12201399,0.28978008,0.34400323,0.19183777,0.00694558
0,0,0.92250901,0.091086268,0.038192149,0.38310644,0.10015897,0.64821213,0.024134697,0.10804665,0.55369508,0.4503713,0,0.40430105,0.72919768,0.35756651,0.11585711,0.16837226,0.48602048,0.53996426,0.38022631,0.60353434,0,0,0,0.035707776,0.35466135,0,0.016220726,0.40752232,0,0.28012046,0,0.49056351,0.11826885,0.78682095,0.4046309,0.50461513,0.2354167,0.63654327,0.078235336,0,0.36680201,0.46866074,0.63248736,0.2021843,0.24885345,0.11771424,0.11498853,0.29206175,0.22492135,0.18213199,0.55338192,0.15416637,0.20300174,0.34548408,0.32905278,0,0.51311755,0.00446853,0.35950544,0.26093972,0.34329516,0.42047507,0.62266809,0.28249711,0.44619608,0.43002972,0.19581729,0.46626741,0.28570458,0.33010623,0.1341729,0.12679742,0.2884385,0.39058533,0.20540553,0.016922832
0,0,1.0198245,0.087873287,0.070266441,0.3478846,0.14565085,0.66076577,0.047408585,0.1045201,0.59787631,0.44182414,0,0.42352527,0.68828505,0.39672473,0.12811527,0.1322753,0.51109076,0.53308088,0.33673689,0.54894376,0,0,0,0.035663079,0.35347232,0,0.026710123,0.38491172,0,0.25203338,0,0.48576093,0.1440125,0.74900526,0.37389013,0.51804721,0.20149468,0.6829204,0.070412658,0,0.37173733,0.4456844,0.59787208,0.18281527,0.24122266,0.11215517,0.1174091,0.27977321,0.26717657,0.18916662,0.4933773,0.14276884,0.18986437,0.33416921,0.31564659,0,0.5658502,0.003774409,0.36568284,0.25599849,0.30600727,0.42454183,0.60368532,0.28685108,0.47355065,0.39851007,0.19747078,0.44987202,0.29315427,0.32824579,0.17312968,0.12825823,0.25331238,0.33527157,0.19553341,0.009125735
0,0,1.0374676,0.079887234,0.046877671,0.3578876,0.11891153,0.69806015,0.023885634,0.086719595,0.60812914,0.43745592,0,0.40484214,0.67333013,0.37500814,0.10690271,0.13977502,0.51380461,0.52397746,0.34879732,0.56151611,0,0,0,0.030824127,0.35443133,0,0.036838736,0.39643335,0,0.26828563,0,0.48521042,0.12691045,0.72054833,0.41045207,0.51407409,0.19120567,0.75441861,0.096745111,0.003706215,0.40078875,0.45726132,0.67815346,0.16156411,0.22665294,0.12302174,0.1091722,0.25609171,0.23460132,0.19617794,0.50058591,0.13407972,0.16569151,0.31224942,0.30877677,0,0.59304023,0,0.34047931,0.27856103,0.32489401,0.39878815,0.65470099,0.31160587,0.47668928,0.41056547,0.21763995,0.45387366,0.27329594,0.36396685,0.18429814,0.1270081,0.2015835,0.32108089,0.17929766,0.003688597
0,0,1.088173,0.085988857,0.044585649,0.43037885,0.11444589,0.66751528,0.04885368,0.058772635,0.60912198,0.42196232,0,0.38397169,0.70788801,0.37199762,0.1317918,0.14561546,0.48995027,0.50927413,0.35301259,0.46954018,0,0,0,0.083486505,0.38501832,0,0.024452381,0.38862795,0,0.23377809,0,0.54313147,0.13746361,0.74860358,0.39560658,0.49905318,0.21491691,0.75504649,0.10978707,0,0.39537093,0.53016406,0.59160095,0.18156631,0.21177255,0.12630087,0.13845989,0.26513755,0.26374292,0.18713953,0.50808227,0.10519832,0.23171422,0.28348404,0.35808846,0,0.60562569,0.008503255,0.32341772,0.24992083,0.33218181,0.44479087,0.65690249,0.27581525,0.47144809,0.33834717,0.21444221,0.47167265,0.25027132,0.32887113,0.17847389,0.1311218,0.21715227,0.32513011,0.15061305,0.008970302
0,0,1.0487398,0.093382493,0.03951611,0.44450226,0.15701555,0.73570114,0.041195642,0.056293953,0.6652354,0.43218604,0,0.44029945,0.6802721,0.40551972,0.14284162,0.14716813,0.48445272,0.51463759,0.31095132,0.45141172,0,0,0,0.052603547,0.36354622,0,0.040047947,0.36510399,0,0.23777422,0,0.55568814,0.12157699,0.67504275,0.38379836,0.49336347,0.15910821,0.78346878,0.10294077,0.003665749,0.36881378,0.46914446,0.66426712,0.17422405,0.2696875,0.10992042,0.13141604,0.25314713,0.28355125,0.20273222,0.52171314,0.073659614,0.20880236,0.3028461,0.31926036,0,0.6427784,0.003942264,0.3042013,0.22232561,0.35745931,0.43627989,0.64370304,0.27321431,0.47278047,0.26794553,0.23415366,0.49856457,0.27760977,0.34979558,0.20089062,0.13219567,0.21959516,0.30503768,0.14341384,0.01075192
0,0,1.0563471,0.083851382,0.050875194,0.46424174,0.1383471,0.66465294,0.072449699,0.055265825,0.63595074,0.42378852,0,0.42514583,0.68793112,0.40015715,0.1292156,0.128732,0.45565957,0.56091517,0.36105654,0.42768696,0,0,0,0.053732354,0.37004882,0,0.024194462,0.35828504,0,0.19788165,0,0.58063215,0.14079908,0.7243247,0.41571063,0.5211758,0.15850806,0.82255507,0.10170955,0.003970621,0.36015925,0.48886764,0.55384296,0.17081749,0.27738866,0.090521097,0.10550819,0.26725838,0.28115699,0.2236557,0.55215389,0.093845643,0.23685081,0.26878121,0.34040934,0,0.62209725,0,0.28972754,0.23613781,0.34131575,0.41943023,0.5994581,0.29011202,0.51086587,0.26453561,0.22424556,0.51104206,0.28028488,0.35829341,0.23163921,0.10871214,0.21228252,0.32605267,0.17438404,0.008036682
0,0,1.070455,0.0868086,0.028740875,0.44865769,0.12450358,0.69670081,0.057000063,0.056210175,0.62531471,0.4624542,0,0.42710623,0.69044942,0.41648293,0.15470943,0.1246383,0.42837512,0.5808742,0.372163,0.42978033,0,0,0,0.057046633,0.40199465,0,0.028701585,0.33571374,0,0.18628478,0,0.62108731,0.16642152,0.69491196,0.41987583,0.54459679,0.16232714,0.83801603,0.083872125,0,0.38396832,0.54330802,0.58148617,0.16435848,0.27838451,0.085369639,0.12048266,0.31865788,0.2979005,0.22045897,0.4672952,0.088939875,0.24342583,0.25142598,0.39646485,0,0.58093101,0,0.31284419,0.22868624,0.35588309,0.44133836,0.58960909,0.2720921,0.54631513,0.19985808,0.17066805,0.50586021,0.26155171,0.3345755,0.24896529,0.097715095,0.24156141,0.28570086,0.20025915,0.021971464
0,0,1.0631994,0.078522168,0.05013581,0.4428789,0.14710732,0.7051667,0.065353237,0.034985155,0.62464422,0.44533798,0,0.45776737,0.69836301,0.42847371,0.16028376,0.15002614,0.42695573,0.67746407,0.39247373,0.44677174,0,0,0,0.049612857,0.39613512,0,0.011948665,0.31934324,0,0.17777881,0,0.66962975,0.17914706,0.69948614,0.41539466,0.53417355,0.1884536,0.83340019,0.12889515,0,0.4339385,0.49434361,0.5799877,0.18404153,0.27439409,0.068123028,0.12913921,0.29401156,0.33704013,0.23942189,0.48347303,0.10015299,0.2330299,0.28668171,0.41534269,0,0.62010837,0,0.32343227,0.23411596,0.36780033,0.44949737,0.60520512,0.29975712,0.56340647,0.20618807,0.22971959,0.52623665,0.28710288,0.36571527,0.23769994,0.13115294,0.20146748,0.26779363,0.16738126,0.0123418
0,0,1.0189278,0.064729773,0.029281894,0.39415053,0.17193286,0.68475515,0.10136124,0.041606046,0.65176266,0.45826009,0,0.44006184,0.66777027,0.40460044,0.15676166,0.16140784,0.45693925,0.72568995,0.39129367,0.43509409,0,0,0,0.067354195,0.41859117,0,0.010804473,0.31778288,0,0.16034015,0,0.66486347,0.19269571,0.71104598,0.4540692,0.56862611,0.11533502,0.86631697,0.12591673,0,0.43496045,0.56108284,0.60251111,0.17579789,0.29292315,0.097755097,0.11033741,0.35374644,0.3633891,0.22579867,0.49474218,0.11610514,0.2256311,0.25804159,0.43248993,0,0.61920041,0,0.30250707,0.26986402,0.32827392,0.47702006,0.63400066,0.3038609,0.61545509,0.20345287,0.24065983,0.50829124,0.2712951,0.37062126,0.20306969,0.1116681,0.21698849,0.26997826,0.14429063,0.011165453
0,0,1.0544854,0.096663564,0.039365057,0.40199235,0.15727577,0.71614093,0.081131667,0.041115958,0.67323172,0.42184302,0,0.46968853,0.69416362,0.4437986,0.16360188,0.17117439,0.48987734,0.74605054,0.36910319,0.46729249,0,0,0,0.055711351,0.42620423,0,0.004029589,0.32249808,0,0.1706865,0,0.6934222,0.22983494,0.77633399,0.44449776,0.600779,0.15309228,0.9372642,0.13114069,0.004762716,0.44516152,0.55427134,0.55294406,0.19705464,0.29685757,0.080619238,0.12057861,0.33167264,0.37142631,0.23725677,0.46438628,0.09610749,0.24866614,0.28129232,0.45942193,0,0.70234638,0.003893589,0.31111339,0.25366747,0.32705566,0.45911101,0.65514755,0.29205057,0.64728814,0.20911163,0.20576777,0.49337873,0.30922645,0.41074547,0.1998869,0.10322993,0.18873532,0.24585554,0.16123214,0.011723088
0,0,1.0747004,0.093219884,0.058901977,0.38723299,0.15806721,0.67237383,0.11501379,0.059081554,0.66957277,0.43748,0,0.47825271,0.66067559,0.42221767,0.14864323,0.19576724,0.49727798,0.83454096,0.41811422,0.45563111,0,0,0,0.060587358,0.51080525,0,0.006326454,0.33426037,0,0.15910408,0,0.71604723,0.22376107,0.80681199,0.47422481,0.61264127,0.14192928,1.0943586,0.11631012,0.003681858,0.48251802,0.48314407,0.56798625,0.19121003,0.32631084,0.073305443,0.14005479,0.33925721,0.45020893,0.24216059,0.4439314,0.11377591,0.23031546,0.35957962,0.44833452,0,0.68282968,0,0.3270109,0.26307905,0.32173645,0.46289688,0.65771449,0.3275567,0.73505563,0.18357876,0.21193072,0.47249326,0.25564718,0.39201403,0.18792154,0.099699631,0.19497335,0.22483437,0.16437231,0.023000874
0,0,1.0340676,0.13265997,0.045537598,0.36592552,0.18234244,0.68773311,0.14975819,0.040864289,0.72398496,0.42724368,0,0.48699909,0.66453332,0.46605384,0.13765727,0.21717873,0.50145841,0.95843834,0.42660454,0.45841312,0,0,0,0.06660071,0.54921412,0,0.016285002,0.32725412,0,0.17090577,0,0.76248538,0.25975496,0.78157598,0.53206939,0.62521255,0.12034799,1.2004609,0.13830903,0.004552643,0.49435267,0.5273574,0.55020261,0.19750413,0.32892245,0.091271132,0.13145265,0.35742077,0.44859922,0.24650364,0.43264338,0.11761939,0.21521115,0.32097346,0.4889836,0,0.67834955,0.004254501,0.32343543,0.26760626,0.34818158,0.52264524,0.67510182,0.307621,0.77863264,0.22266227,0.24392237,0.48132136,0.30447519,0.36184499,0.19129026,0.12070169,0.21164975,0.19754824,0.17444508,0.011490603
0,0,1.1008856,0.1425437,0.084165901,0.40800095,0.15090069,0.71433747,0.10026455,0.079080239,0.74486655,0.41890731,0,0.48913762,0.69836056,0.46565896,0.1492008,0.18895161,0.56195313,0.92026168,0.42908493,0.45993492,0,0,0,0.080783792,0.73017812,0,0.011850393,0.33340508,0,0.18969376,0,0.73092222,0.25824037,0.75671983,0.52799577,0.66725105,0.11127682,1.2476114,0.14208207,0.006602125,0.51230395,0.4918178,0.62064457,0.20738482,0.35000348,0.07039813,0.098214254,0.41126987,0.57134187,0.24228886,0.42411697,0.14097293,0.21510318,0.35742447,0.49268937,0,0.63557756,0.011112345,0.3172048,0.24902262,0.34533045,0.53477538,0.75272733,0.33063528,0.82693481,0.22467306,0.21637112,0.52177674,0.29471514,0.38531616,0.22998539,0.097005986,0.1891866,0.17325178,0.14343093,0.011602227
0,0.003680055,1.0921141,0.1792001,0.098621443,0.42195433,0.1861783,0.73204476,0.10524818,0.060253751,0.80596727,0.42432171,0,0.49690473,0.70378935,0.45769989,0.12198488,0.21077727,0.62778103,0.96552545,0.36583295,0.46567968,0,0,0,0.088637136,0.79407811,0,0.007664587,0.33515865,0,0.21371225,0,0.75175989,0.261962,0.74919826,0.50622231,0.72285324,0.08999861,1.3051153,0.16240153,0.01243432,0.48082745,0.49997002,0.60626304,0.20536166,0.32592219,0.062258892,0.11444748,0.42010885,0.65671778,0.23928538,0.4187606,0.13711824,0.20681089,0.34864584,0.55891705,0.004904551,0.66164905,0,0.32500666,0.30248868,0.33849886,0.56316602,0.72310954,0.29530999,0.84265912,0.23553842,0.22481447,0.54368883,0.27175489,0.41180462,0.24232671,0.10158677,0.18787399,0.15418494,0.16270584,0.011698014
0,0.003686301,1.1621406,0.1878369,0.11749256,0.40979159,0.18319309,0.71066505,0.14327101,0.075647637,0.86388212,0.43487811,0,0.45549726,0.74797904,0.43478569,0.15150221,0.23373969,0.67432642,1.016523,0.39366671,0.44250384,0,0,0,0.08121758,1.2125987,0,0.02015296,0.37423241,0,0.24014388,0,0.75773484,0.28525665,0.77742136,0.54778433,0.77089834,0.11554972,1.2425407,0.18064755,0.003803335,0.50222224,0.56370246,0.60582644,0.19679707,0.3805362,0.079675816,0.14514655,0.52072257,0.78109771,0.24390404,0.46504787,0.15078986,0.21368386,0.36772209,0.5708369,0.00812764,0.67151076,0.011009075,0.32406676,0.26574194,0.35086754,0.56569523,0.79903859,0.3091661,0.8721664,0.2573787,0.24773979,0.50177813,0.31394371,0.41853932,0.24218163,0.11647321,0.18471782,0.11900878,0.17945972,0.017025419
0,0,1.1793613,0.23501739,0.11778825,0.41195285,0.15995751,0.74062192,0.15698153,0.065718457,0.88457441,0.43587676,0,0.51084399,0.77333099,0.51426655,0.1506982,0.18961139,0.7125985,1.142815,0.40106785,0.44778317,0,0,0,0.067089483,1.3931904,0,0.035640657,0.39010641,0,0.21344434,0,0.73895222,0.27185085,0.78485775,0.52927494,0.83712113,0.10238343,1.3116251,0.18738289,0.011307217,0.49515247,0.52908802,0.59391719,0.20206772,0.36499545,0.070165306,0.15816855,0.56674165,0.82902563,0.23369947,0.46440008,0.1709037,0.23550473,0.36560288,0.58105826,0.003754292,0.69251597,0.011749061,0.34669566,0.28901568,0.37870783,0.58511394,0.84396982,0.33349273,0.92926627,0.27233848,0.30087483,0.51394141,0.32800603,0.44132897,0.31470385,0.11062635,0.17135651,0.10355473,0.21343713,0.013835983
0,0.021644646,1.1514461,0.19111152,0.12391951,0.37077451,0.17011735,0.76055056,0.17556354,0.049786869,0.84153271,0.38651121,0,0.52781534,0.82722902,0.51677841,0.16190872,0.18309818,0.78381926,1.2164252,0.3789559,0.44435692,0,0,0,0.054243151,1.4563878,0,0.011493568,0.38497639,0,0.28006485,0,0.76230156,0.29713339,0.82750541,0.49951077,0.8676641,0.10483527,1.2897525,0.13634309,0.008930299,0.46487185,0.53730685,0.60764885,0.21738409,0.3675819,0.09027867,0.15905468,0.65955484,0.84622896,0.24127005,0.4701716,0.19638327,0.21713521,0.4036828,0.61319143,0.015103924,0.72406632,0.031162772,0.32937631,0.28059816,0.375705,0.60728645,0.78218877,0.34589991,0.94062728,0.23910266,0.31903842,0.48708975,0.33834231,0.49285081,0.32198367,0.10419102,0.19060877,0.10021605,0.20108566,0.007574235
0,0.016509989,1.1564075,0.18012275,0.12463231,0.45071238,0.13577898,0.79846358,0.22396798,0.098099925,0.77961719,0.41453645,0,0.55416542,0.87635511,0.55019683,0.17616369,0.21853422,0.75940597,1.1606097,0.41565195,0.47461104,0,0,0,0.07317128,1.7570143,0,0.026555976,0.40624461,0,0.31333068,0,0.77588099,0.30610317,0.83772814,0.53499269,0.90227729,0.10013269,1.4466984,0.16530986,0.008218898,0.46015739,0.54720652,0.59723055,0.20006578,0.41554305,0.086180277,0.15898547,0.77785665,0.93413997,0.24461578,0.49893576,0.18585756,0.20818065,0.37726843,0.63555408,0.00380023,0.73338073,0.027220361,0.35959312,0.31985563,0.3783727,0.60978794,0.83709979,0.30458143,0.95835692,0.31135368,0.39503789,0.46949396,0.36849609,0.45248455,0.29441789,0.1513724,0.16494764,0.11129489,0.16857642,0
0,0.048763566,1.1909049,0.18663989,0.11283765,0.46422678,0.16407348,0.80642551,0.21614265,0.095051073,0.87446135,0.42631358,0,0.59042966,0.98960972,0.56276262,0.16033714,0.16183572,0.79282171,1.3491356,0.40212762,0.49084935,0,0,0,0.046740763,1.7341588,0,0.056573387,0.3733708,0,0.3786065,0,0.82404083,0.28771493,0.93512434,0.53904277,0.98450756,0.1110393,1.3620657,0.15039292,0.013225056,0.49650499,0.5833478,0.62480664,0.21230476,0.48807606,0.096816212,0.17741562,0.83174789,1.0027311,0.26760331,0.50358105,0.19810766,0.21554777,0.39902738,0.60605788,0.03724993,0.79509717,0.12396819,0.30864775,0.32915792,0.39920175,0.68132955,0.84177971,0.34408987,0.96716642,0.27991745,0.36774009,0.45253751,0.37256432,0.49591863,0.27348045,0.13851328,0.17453386,0.078445688,0.20728417,0.008355269
0,0.18188709,1.1629111,0.14195274,0.093259059,0.53709543,0.13671513,0.84923434,0.23928635,0.10222848,0.86690414,0.39377376,0,0.57845122,1.0895219,0.64056104,0.1839543,0.19394773,0.84592557,1.2139177,0.41579854,0.51768774,0,0,0,0.051130731,1.5558884,0,0.082279302,0.38643506,0,0.44339865,0,0.80305058,0.29193896,0.9349094,0.54414183,1.0641603,0.1537893,1.5299035,0.13301128,0.021425012,0.48696852,0.5895434,0.66249985,0.25358841,0.51604229,0.099497221,0.19619656,0.91644263,1.0952286,0.2615861,0.44232753,0.21155745,0.22394326,0.39997146,0.63598752,0.03753417,0.78985053,0.11092402,0.35525092,0.33065307,0.36427084,0.65439403,0.73260236,0.36777592,0.9442153,0.31866613,0.36833155,0.44105065,0.39054769,0.53304809,0.2818844,0.16588004,0.16358952,0.092424095,0.24152869,0.00829733
0.00326183,0.18039259,1.1237185,0.1659023,0.13243349,0.55650997,0.11401585,0.85275328,0.27582943,0.1117003,0.90780604,0.45397824,0,0.6068992,1.2838197,0.70114493,0.21469097,0.18937923,0.93808973,1.3053442,0.45671842,0.51030177,0,0,0,0.032557249,1.242189,0,0.059696056,0.39881894,0,0.563456,0.003703555,0.8288151,0.30086538,1.0382972,0.58540535,1.1320673,0.1747591,1.3162659,0.14870894,0.022717804,0.48958498,0.66127259,0.62465525,0.23935685,0.5187223,0.1332076,0.22410519,0.92780739,1.3133322,0.29660383,0.4375796,0.20407911,0.23803183,0.42454246,0.63573122,0.050515719,0.86619031,0.20739549,0.36194053,0.35730064,0.33379346,0.75000107,0.78301537,0.38096744,0.97410911,0.35818151,0.40053374,0.43994147,0.37817493,0.50817764,0.28698221,0.2015404,0.15313898,0.089781202,0.18778989,0.006651002
0,0.25155881,1.07707,0.18776372,0.16246243,0.6544143,0.1368233,0.8692174,0.24152881,0.12972884,0.90557736,0.45207307,0,0.61936754,1.2685869,0.94354141,0.17881101,0.22303683,0.93137389,1.392289,0.45081633,0.53821313,0,0,0,0.026766837,0.92218924,0,0.09238214,0.39936337,0,0.66081506,0.007350338,0.84612596,0.33457112,0.98865414,0.59336096,1.0771534,0.20237091,1.1904362,0.13977186,0.004574883,0.47642246,0.78344041,0.63491255,0.22756049,0.60565132,0.1235354,0.20406598,1.0143607,1.3096501,0.29808542,0.44727314,0.21361366,0.27963805,0.42778432,0.66995573,0.070635349,0.89648092,0.19608505,0.4006598,0.36817288,0.36347944,0.71648055,0.81084013,0.37548095,0.99276137,0.33173543,0.40868744,0.50235212,0.40770856,0.50759614,0.32996967,0.2309729,0.16705947,0.081035286,0.23413411,0.0120709
0,0.28023946,1.1374679,0.16815346,0.17960212,0.63905805,0.15363574,0.89906198,0.33271143,0.17574619,0.96008933,0.46395424,0,0.69287008,1.4336646,1.0214196,0.19408503,0.20137244,0.94728768,1.2973611,0.43772295,0.50231522,0,0,0,0.025330128,0.43141419,0,0.13951443,0.40558839,0,0.60989755,0.021742908,0.8740685,0.38487309,1.0461351,0.58913583,1.2254211,0.19886187,0.91962665,0.19720535,0.008480079,0.51640868,0.74973536,0.65197915,0.24504566,0.64104152,0.14731939,0.2294143,1.0800264,1.4719666,0.32538378,0.45640641,0.23448643,0.27849627,0.41834661,0.69439602,0.086355783,0.99375874,0.21780379,0.45821014,0.39429608,0.32781443,0.73365599,0.83368343,0.40437505,1.0316958,0.3563261,0.44809514,0.52719861,0.41015014,0.50525922,0.33610448,0.3109051,0.15820318,0.077493988,0.22989731,0.018369714
0,0.29542899,1.1950482,0.17875643,0.17993766,0.67652887,0.16298763,0.87259865,0.31625229,0.18134101,1.005553,0.4658353,0,0.62896001,1.4622288,1.2701252,0.18604648,0.21102773,0.89014602,1.474974,0.47700751,0.53557384,0,0,0,0.051512562,,0,0.16257229,0.40991762,0,0.66508621,0.037576478,0.79938239,0.41682774,1.0435932,0.63427371,1.3386277,0.26803741,0.66928232,0.18640822,0.019719956,0.56313163,0.84059107,0.61609644,0.24331988,0.71613169,0.17959173,0.22594446,1.0706381,1.6240128,0.31071663,0.46108037,0.20530269,0.26434803,0.46180603,0.66626561,0.065395847,1.0932164,0.27675551,0.47596708,0.39514318,0.35805288,0.7778337,0.91097975,0.44435769,1.0964731,0.3573485,0.43581977,0.5773502,0.41067031,0.51081002,0.37253067,0.38006318,0.16358797,0.087821573,0.26722836,0.012695499
0,0.21595509,1.2079724,0.19018419,0.20985173,0.73753077,0.18304846,0.98088485,0.35117784,0.20305161,0.96326399,0.44867751,0,0.62018275,1.675514,1.3752909,0.1961427,0.26876122,0.95378464,1.3569704,0.47432551,0.53472567,0,0,0,0.072672144,,0,0.18963799,0.43334752,0,0.73757064,0.074613497,0.82703793,0.47489199,1.0543945,0.69404864,1.4862185,0.27473223,0.35007289,0.18437204,0.009053122,0.58796251,0.87231928,0.66529679,0.23370385,0.75102454,0.19959827,0.2580426,1.1337243,1.6725241,0.37416562,0.46864834,0.2148768,0.27586874,0.47485492,0.63999617,0.10387366,1.2736624,0.31353638,0.48487467,0.38816762,0.37874535,0.72377056,0.8851403,0.46984717,1.1065506,0.33869579,0.50684565,0.55071616,0.4722099,0.51387483,0.37112802,0.39654869,0.17776111,0.092791878,0.31595829,0
0,0.12186757,1.2693377,0.20818891,0.22278626,0.74949104,0.1801575,0.99348551,0.39808726,0.19720221,1.0348661,0.47413915,0,0.56163287,1.6981989,1.5275878,0.19078121,0.2067693,0.9022221,1.51042,0.44936243,0.53565019,0,0,0,0.060561679,,0,0.21956889,0.49113709,0,0.781353,0.10491174,0.86565906,0.49518111,1.0698203,0.69641727,1.6316099,0.28730449,0.076236367,0.2184726,0.022372406,0.61853951,1.0367132,0.68356997,0.28048402,0.76404172,0.17915398,0.30675122,1.1964576,1.6885842,0.34408072,0.53865671,0.23830682,0.24283846,0.43781587,0.72221166,0.11613873,1.5343008,0.35789606,0.53134471,0.40525612,0.3705622,0.80073369,0.90996122,0.53453094,1.1799736,0.33161324,0.53404772,0.59457898,0.4702678,0.60710335,0.41266531,0.43036115,0.1923638,0.071482442,0.36088663,0.017089743
0,0.018943202,1.2307951,0.22906138,0.24358244,0.82344925,0.22711514,0.98799872,0.44225994,0.24384147,0.96789342,0.46207303,0.003950863,0.54580927,1.8196002,1.5353298,0.17866766,0.24789044,0.83247393,1.5790234,0.4742552,0.50444067,0,0,0,0.060653295,,0,0.24276195,0.47198826,0,0.85378343,0.18732816,0.88007879,0.57224762,1.2121341,0.73084038,1.6603358,0.32092497,,0.20507866,0.023728825,0.72139657,1.0394031,0.72322047,0.32245684,0.89243054,0.18829715,0.29969734,1.1564089,1.6194992,0.34773567,0.59277678,0.2625069,0.26402169,0.52390093,0.7631284,0.11569048,1.7047168,0.38578841,0.4858366,0.37683353,0.40785593,0.75412518,1.0286291,0.53869432,1.2178175,0.32655522,0.64412808,0.59485769,0.55409753,0.63279784,0.44757497,0.49337319,0.18309216,0.084240645,0.36269513,0.01840944
0,0,1.2676941,0.22958082,0.23704186,0.90572065,0.21490403,1.0041603,0.48390958,0.23106822,0.99245989,0.4706454,0,0.51261383,2.0904052,1.5654858,0.2167048,0.32593814,0.74896812,1.6874799,0.49079517,0.53565085,0.015044523,0,0,0.060216911,,0.004102835,0.27945951,0.49756974,0,0.91921228,0.32794252,0.97884589,0.65563124,1.267608,0.76272696,1.8104391,0.30871129,,0.27349019,0.027404273,0.71928221,1.0623491,0.78710562,0.34590939,0.99743897,0.20661896,0.33584705,1.1471863,1.8186228,0.38432115,0.71421486,0.23163047,0.28832254,0.47611576,0.80234516,0.14539465,1.7238044,0.45834532,0.51941597,0.4010269,0.41287145,0.8587141,1.0164946,0.63731539,1.1985153,0.34560469,0.68238765,0.64991087,0.5212149,0.63033473,0.434477,0.5992716,0.21554425,0.068474315,0.43266544,0.023847241
0,0,1.3592901,0.24316375,0.24811251,0.96546084,0.26767367,1.0550069,0.51378739,0.24115328,0.98639679,0.4515349,0.004201262,0.45313096,1.9082403,1.5552912,0.19928829,0.29619807,0.5815317,1.5527577,0.49763653,0.48001069,0.011098365,0,0.008473299,0.077940203,,0.003790277,0.3333489,0.48970497,0,0.97402948,0.47988659,0.98454285,0.64085799,1.3018492,0.72189927,1.9802622,0.36767408,,0.30153024,0.039230786,0.76656353,1.2183163,0.78315169,0.36353159,1.0133423,0.22718129,0.37334087,1.1699138,1.5699204,0.39682952,0.80156922,0.29460087,0.24398209,0.53307366,0.92432898,0.11882767,1.4996394,0.50936979,0.51990813,0.41419819,0.40068325,0.86759937,1.0385761,0.64199752,1.2024201,0.39345959,0.75671089,0.68498659,0.55066854,0.67070365,0.45696798,0.67104113,0.21985081,0.08105287,0.44249502,0.017265709
0.011968208,0,1.256618,0.24844937,0.25577414,1.0776011,0.3135871,1.0788029,0.58825099,0.25483316,1.0150179,0.46967915,0,0.36534879,2.0561988,1.4797779,0.21820448,0.43372801,0.37267151,1.5214876,0.55901629,0.47444597,0.007971863,0,0.085981511,0.08538916,,0.017495619,0.34463057,0.49917403,0,1.1128052,0.60618365,0.95267963,0.72821254,1.4142394,0.75508881,2.1546612,0.38331407,,0.34112495,0.033048879,0.79175794,1.2984624,0.80080211,0.40544787,1.1297163,0.24808203,0.38384262,1.2533245,1.6667861,0.45119032,0.95305985,0.26113686,0.27746287,0.54847521,1.027196,0.13929363,1.0716156,0.53969884,0.4803378,0.43849495,0.41036257,0.85132593,1.0839809,0.67698681,1.186182,0.3944301,0.92723227,0.69140851,0.66800153,0.67722321,0.54111034,0.76068419,0.20940371,0.078416981,0.4742932,0.011975589
0,0,1.3073779,0.31004542,0.32527602,1.206282,0.33276543,1.1644049,0.64697993,0.28294429,1.0523657,0.48223054,0.028821426,0.27854589,1.8156024,1.2376212,0.22952628,0.39375836,0.21136387,1.5113165,0.52793944,0.44706756,0.043225173,0,0.2215576,0.086515613,,0.028592343,0.44233021,0.53449422,0,1.1737801,0.73896188,1.0272083,0.71276599,1.4628099,0.82455075,2.2841716,0.38942814,,0.37109545,0.028304191,0.82239127,1.3546962,0.8014881,0.40534869,1.1104152,0.25339779,0.42526269,1.3149673,1.1772218,0.46096805,1.0482324,0.31314561,0.31728837,0.5680753,1.101162,0.13506776,0.5821653,0.63270658,0.48899546,0.43980646,0.40654999,0.94372928,1.1317877,0.75141406,1.2009813,0.41921672,0.94514459,0.64847058,0.63165206,0.71768385,0.54828894,0.87116551,0.26992351,0.081046589,0.51778489,0.012019435
0,,1.2775208,0.33388686,0.24393441,1.3362633,0.34872162,1.3054398,0.69619703,0.33621201,1.0965347,0.46997777,0.064911067,0.15457715,1.615677,0.8853066,0.22217588,0.53642136,0,1.379353,0.57484549,0.41584954,0.050375339,0,0.27761063,0.084569193,,0.058312394,0.4206413,0.54186851,0,1.1358814,0.76903701,0.9796477,0.68526173,1.5816435,0.82730097,2.6875341,0.44359633,,0.44109637,0.034975652,0.76370478,1.5187473,0.81378669,0.3684738,1.0080578,0.27946767,0.47604239,1.2409366,0.74612421,0.48417598,1.1732059,0.3387728,0.30726191,0.60349894,1.2065314,0.14005236,0.18320431,0.64517182,0.48897591,0.47246808,0.45962381,1.0889409,1.2060708,0.79940408,1.2142816,0.47467092,1.1013272,0.71658981,0.80439824,0.74744439,0.5939182,1.0092387,0.28226149,0.097618602,0.4372136,0.032517008
0,,1.3072113,0.36514568,0.3190062,1.3416256,0.37626073,1.2328748,0.7578603,0.35213476,1.1709124,0.47362754,0.12315996,0,1.1643518,0.41667143,0.22130965,0.5951069,,1.2589155,0.58506477,0.43893272,0.069368474,0,0.3734234,0.10714529,,0.09338627,0.50326788,0.580073,0,1.3925925,0.73266679,1.09103,0.71290523,1.659793,0.89864612,2.4314561,0.41952613,,0.47957876,0.053669315,0.77391213,1.6807916,0.84250003,0.45134953,0.70092982,0.33029482,0.44994885,1.2013798,0.35046768,0.50843138,1.3528489,0.35694203,0.30338246,0.63824272,1.3302565,0.1833376,,0.74606043,0.47679895,0.4561471,0.48147088,1.0872382,1.1383282,0.80389988,1.2568964,0.44762167,1.1243224,0.68174171,0.78963405,0.81494093,0.68662024,0.99655861,0.30978256,0.11453176,0.57073218,0.037770733
0.004430539,,1.3332216,0.34698793,0.35611451,1.5527573,0.38493225,1.3695375,0.83627886,0.36812961,1.2495531,0.48623326,0.14458853,,0.33963794,0.06257005,0.23490568,0.56734645,,1.0303086,0.60561925,0.43368462,0.11391795,0,0.40074861,0.092227496,,0.1421884,0.5196327,0.59116918,0,1.5876491,0.65298045,1.1821393,0.66399789,1.8539348,0.95603156,2.4440091,0.48328164,,0.5410735,0.077992052,0.81268871,1.6959867,0.85729748,0.46553767,0.40133584,0.36407241,0.45892951,0.8953436,0,0.5645169,1.5789127,0.36574888,0.32521904,0.69331944,1.3366028,0.19183908,,0.74884814,0.50577831,0.44826633,0.48350772,1.2424067,1.3423098,0.82482517,1.2794614,0.49499735,1.2627815,0.79136556,0.92275739,0.92126995,0.77238446,0.80432051,0.38304135,0.10743482,0.59288037,0.055883512
0.003778293,,1.3922452,0.3856338,0.35514373,1.5369883,0.4176099,1.3496693,0.88518417,0.44002688,1.252369,0.45791698,0.2572163,,,,0.23743477,0.72688258,,0.70696044,0.58080471,0.40611193,0.12605295,0,0.47676352,0.10377426,,0.19326425,0.4858273,0.63467473,0,1.6543083,0.46934643,1.1339258,0.54981601,1.7299829,0.93132263,2.1958213,0.47744492,,0.55345547,0.052787736,0.76042551,1.7495104,0.82778537,0.48827347,0.15153904,0.34959298,0.5028016,0.52179068,,0.5812977,1.6771661,0.39257815,0.32516328,0.69647115,1.3766321,0.18730733,,0.76629919,0.52880663,0.47015578,0.52465039,1.233538,1.3179264,0.91230989,1.4147211,0.5722701,1.331892,0.85266626,0.95770013,0.98736483,0.8445034,0.62232327,0.46639505,0.089477792,0.61132884,0.066158503
0,,1.403488,0.43422037,0.30943826,1.6971478,0.43477774,1.4857583,0.9116959,0.4999831,1.3963891,0.48624474,0.29428557,,,,0.23502484,0.73040599,,0.45745608,0.5649935,0.36095697,0.12704758,0,0.4645074,0.11550418,,0.24701643,0.53767687,0.70222253,0,1.6991383,0.16567992,1.2426866,0.37645209,1.7709509,0.93422949,1.734479,0.49266201,,0.66604018,0.052509878,0.78401184,1.5704817,0.83254838,0.49394941,0,0.44351131,0.48487821,0.15318348,,0.6280579,1.68099,0.37775648,0.33414111,0.75681776,1.4437385,0.21492894,,0.74090856,0.54780197,0.4544628,0.54203594,1.2864571,1.3232154,0.97748536,1.5103779,0.56712055,1.2460791,0.88174707,1.1142766,1.126552,0.84749699,0.40301985,0.60696632,0.09705469,0.67433697,0.095354609
0,,1.5588657,0.40494093,0.36819553,1.8348826,0.48682559,1.567288,0.9978323,0.56985009,1.439854,0.48122853,0.35620442,,,,0.27925074,0.86389714,,0.13237646,0.61299568,0.39238077,0.17542012,0,0.55242264,0.1518828,,0.29831228,0.54248339,0.73871106,0.003663475,1.6360638,0,1.1894627,0.15743706,1.8636748,1.0092975,1.0376592,0.50506008,,0.66445607,0.032127578,0.82039064,1.5597775,0.78053015,0.54552633,,0.44821945,0.48911214,,,0.6334517,1.8870947,0.37161851,0.35147655,0.80885375,1.5265278,0.20898756,,0.80099618,0.54589266,0.54170752,0.62477708,1.1556623,1.2216262,1.1107292,1.5608782,0.65747434,1.1481109,1.0084296,1.1872799,1.2191045,1.0892131,0.087214813,0.71019989,0.11298518,0.68444043,0.093504854
0,,1.5721655,0.48471224,0.27043584,1.6399608,0.46800709,1.7574035,1.0582277,0.64681554,1.1987638,0.50094342,0.37448385,,,,0.32743856,1.0277269,,,0.62606174,0.39159051,0.16261755,0,0.43148884,0.10535417,,0.31210569,0.55324823,0.77086151,0,1.3246381,,1.3090801,,1.8415208,0.97462553,0.49298707,0.57487071,,0.81433308,0.043332808,0.83671695,1.252416,0.90331715,0.58399045,,0.49982253,0.50707418,,,0.63040769,1.8525261,0.39568996,0.40515313,0.82525742,1.5571038,0.24345776,,0.67919815,0.59130192,0.53244793,0.57271069,1.0461582,1.0415491,1.2804166,1.6079752,0.70825213,0.90739173,1.089329,1.2146803,1.3301858,1.1833045,,0.76903731,0.10964805,0.76456016,0.12379613
0.007764685,,1.6632669,0.45353937,0.17779338,1.752183,0.48655385,1.8866225,1.2141634,0.71594173,0.92963111,0.49753848,0.42887777,,,,0.32461447,0.91949099,,,0.62313735,0.40268221,0.257833,0,0.30021474,0.11925217,,0.39321899,0.57058197,0.78405416,0,0.8361606,,1.2346652,,1.719175,0.96697801,0.1106231,0.61213785,,0.80227786,0.050203718,0.85516137,0.78592533,0.8774423,0.57950056,,0.54164767,0.50392073,,,0.62265915,1.865854,0.41112301,0.45471826,0.9451409,1.6055678,0.25811061,,0.59109533,0.62770426,0.53812176,0.62837493,0.86465108,0.69919771,1.3700515,1.8071799,0.80429393,0.68876904,1.1658601,1.5410482,1.3937695,1.3593313,,0.77491683,0.13689294,0.84512371,0.096762508
0,,1.7943213,0.5311442,0.008055171,1.6101098,0.50288576,2.014291,1.30858,0.83303142,0.45682386,0.51588351,0.47571841,,,,0.32844484,0.99387324,,,0.6283493,0.39169315,0.25606522,0,0.11961325,0.10100513,,0.32200262,0.61628002,0.78995836,0,0.24401003,,1.2609009,,1.4465727,0.94906652,,0.7297768,,0.80499738,0.07063283,0.95628405,0.19689707,0.94521326,0.64279604,,0.58210182,0.44633687,,,0.56167644,1.6328889,0.38563982,0.44931313,0.95330423,1.7430128,0.31511128,,0.55341142,0.63738936,0.61052066,0.62791294,0.65570337,0.24465066,1.7288104,1.4892251,0.92350894,0.22047919,1.265211,1.5924528,1.6005117,1.3652189,,0.79734844,0.16270331,0.88637239,0.077814646
0,,1.8392259,0.50210017,,1.5185161,0.5750097,2.1241302,1.4891175,0.85725474,0,0.52727485,0.49593884,,,,0.32700235,1.0792335,,,0.60965562,0.41531286,0.23074779,0,0.00501097,0.10120882,,0.19884154,0.56347382,0.69287437,0.004189585,0,,1.3224255,,0.76899904,1.101492,,0.78957206,,0.8612808,0.087541565,0.98071033,,0.95596266,0.71666783,,0.6583221,0.36577675,,,0.40970233,1.6675746,0.45222569,0.4876295,0.90356278,1.7327381,0.35644087,,0.34450048,0.68651652,0.54378563,0.64384037,0.3618139,,1.6931455,1.3416228,1.1676477,,1.4542876,1.7816259,1.5413198,1.341345,,0.80232382,0.22727267,0.93573141,0.10165087
0.004098493,,1.8429601,0.5500409,,1.0678743,0.5120846,2.1315544,1.2066001,1.0105247,,0.56994635,0.57264525,,,,0.36123264,1.0792449,,,0.61511397,0.40513477,0.29871231,0,0,0.14308378,,0.12734048,0.55766439,0.47242498,0.003850586,,,1.3378843,,0.25317401,1.1992291,,0.91164577,,0.95911157,0.079478003,1.0943651,,1.0885909,0.72991461,,0.62331289,0.20118609,,,0.26408029,1.4419093,0.45861855,0.51282644,0.98330265,1.7446901,0.40303934,,0.093826823,0.71425772,0.64082915,0.61251074,0.066575557,,1.654217,0.7643007,1.448763,,1.4028687,2.0260196,1.6960857,1.0163413,,0.79923868,0.33898395,0.97839534,0.10283604
0.004429099,,1.9891917,0.52706718,,0.41606802,0.65016907,2.0742693,1.0102795,1.0809675,,0.55321783,0.61724907,,,,0.3510845,1.0055933,,,0.70123643,0.42710942,0.29663849,0,,0.11728723,,0.013717671,0.59439611,0.28187436,0.007149296,,,1.4048865,,0,1.2003648,,0.91611362,,0.83224779,0.1120423,1.0511053,,1.0639006,0.84973699,,0.67505616,0.045898329,,,0.091329366,1.2141602,0.49176586,0.54646003,1.049248,1.8547992,0.46613073,,,0.76698774,0.59555948,0.64622563,,,1.21515,0.25529805,1.6430365,,1.6897048,2.2718992,1.8057767,0.66912466,,0.72296637,0.49331483,0.95724523,0.089517824
0.01112329,,1.9143279,0.57904518,,,0.65348101,2.0029538,0.61701703,1.0964589,,0.58364654,0.72410488,,,,0.35992193,0.91626775,,,0.65089691,0.46395025,0.29900381,0,,0.14592524,,0,0.50326222,0.071836263,0.01684981,,,1.4796203,,,1.1808934,,0.97445393,,0.60679018,0.10421702,1.1818565,,1.1726187,0.84176642,,0.74561048,,,,0,1.016747,0.50970513,0.62004101,0.88532084,1.9848679,0.52829069,,,0.77256197,0.55642998,0.64327949,,,0.84360415,0,1.7644719,,1.4856665,2.2643526,1.5752915,0.28217247,,0.65964246,0.76589829,0.94541013,0.122017
0.007961237,,2.0512991,0.53513896,,,0.66566151,2.0527785,0.32099745,1.316394,,0.59666336,0.82102776,,,,0.42147148,0.98086178,,,0.70056689,0.50538605,0.38439366,0,,0.11923114,,0,0.45723096,,0.008385091,,,1.6196897,,,1.2043098,,1.0215174,,0.34499824,0.1018014,1.1371026,,1.1580468,0.9742378,,0.82128507,,,,,0.67230743,0.60252959,0.71023345,0.92751956,1.8565323,0.57963336,,,0.92479324,0.52529168,0.63408613,,,0.36568001,,1.9855242,,1.5633603,2.2203805,1.2717028,0.032018304,,0.42810208,0.84398031,0.7545889,0.16116111
0.010144412,,2.0969262,0.586465,,,0.76595527,1.8827032,0.045207981,1.5083324,,0.64164484,0.79142582,,,,0.42223039,0.78219187,,,0.67892253,0.48034549,0.43950471,0,,0.099667668,,,0.32879561,,0.028462738,,,1.7143832,,,1.2294616,,1.0698445,,0.14540119,0.12555596,1.3039856,,1.2311286,1.007817,,0.80843663,,,,,0.32767066,0.6603989,0.81719673,0.83611941,1.9807729,0.67483759,,,0.98489904,0.45980051,0.67046875,,,0,,1.9942106,,1.2325444,1.9780608,1.0007904,,,0.23232014,1.1394874,0.5953266,0.17202498
0,,2.1996171,0.47035024,,,0.76388282,1.8520211,,1.6523548,,0.64457464,0.65741229,,,,0.42816752,0.72382206,,,0.64793652,0.53313023,0.43378448,0,,0.13992359,,,0.16900161,,0.042999554,,,1.9873387,,,0.92840236,,0.93255311,,0.036560643,0.099443614,1.3556728,,1.2445754,1.028845,,0.80165726,,,,,0.054006908,0.66333288,0.91164041,0.68178743,1.8684281,0.71542573,,,1.0717015,0.4157024,0.64493304,,,,,2.156785,,0.49361593,1.6586428,0.42982441,,,0.05617753,1.1633247,0.34905005,0.14268856
0.003626862,,2.3823073,0.36606818,,,0.7685346,1.6991085,,1.741434,,0.6992119,0.39058951,,,,0.4584524,0.36193651,,,0.68711472,0.59062654,0.58593255,0,,0.1340691,,,0.05330262,,0.074154533,,,2.0186534,,,0.68047607,,0.78579038,,,0.094128594,1.4035702,,1.3376911,1.1589504,,0.72511375,,,,,,0.75153846,0.9634614,0.25813639,1.9069057,0.70348328,,,1.0684091,0.28611827,0.7017433,,,,,2.0873699,,0,0.91300708,0,,,,1.3460534,0.16440575,0.14348054
0,,2.4013567,0.25423634,,,0.92944199,1.5305136,,1.9030728,,0.74771005,0.18423247,,,,0.51996988,0.1422241,,,0.6874519,0.67626005,0.67528027,0,,0.14924376,,,,,0.098122276,,,2.2354708,,,0.35905614,,0.46802324,,,0.11934632,1.3948966,,1.3894331,1.1600313,,0.56411755,,,,,,0.73115605,0.95804256,,1.5102581,0.77143568,,,1.1973143,0.16751106,0.75845289,,,,,2.0261314,,,0.24959175,,,,,1.363976,0.033041414,0.17812963
0.015827591,,2.4570882,0.14479853,,,0.87616676,1.0910989,,2.0390458,,0.73943281,0.008648029,,,,0.49110749,,,,0.72474205,0.72718197,0.81635821,0.004224624,,0.16937836,,,,,0.12523018,,,2.3921564,,,0,,0.17210476,,,0.12335087,1.6572709,,1.3825815,1.1578101,,0.31717938,,,,,,0.77415198,0.98978692,,0.70263022,0.80952454,,,1.2416126,0,0.7799567,,,,,2.0687113,,,,,,,,1.4803931,,0.13770337
0.008564781,,2.63726,0.015371473,,,0.96336478,0.69704878,,1.9856925,,0.77059764,,,,,0.49215397,,,,0.81353176,0.78606546,0.97154695,0.012486892,,0.20105761,,,,,0.12991716,,,2.4678705,,,,,0,,,0.11697411,1.4759955,,1.6124872,1.1431165,,0.14971408,,,,,,0.78145581,1.0552554,,,0.91561067,,,1.3662518,,0.7904734,,,,,1.9482079,,,,,,,,1.3425699,,0.19323552
0.031165291,,2.68469,,,,1.0040971,0.38228512,,1.8567835,,0.82528991,,,,,0.55884385,,,,0.83987832,0.81405878,1.070303,0.018949475,,0.20868693,,,,,0.16783051,,,2.5629244,,,,,,,,0.16935278,1.864922,,1.5886037,0.96077991,,0.014670813,,,,,,0.8221429,1.1129295,,,1.0098305,,,1.4454806,,0.90157515,,,,,1.6541116,,,,,,,,1.0373554,,0.19005565
0.015545643,,2.5413878,,,,1.0847648,0.13111398,,1.226161,,0.88270146,,,,,0.54799277,,,,0.80354488,0.90234089,0.89523894,0.040831018,,0.23549046,,,,,0.17328255,,,2.2078335,,,,,,,,0.14797366,1.7482538,,1.6673392,0.72794944,,,,,,,,0.88340229,1.180056,,,1.0026746,,,1.555185,,0.88661301,,,,,1.2390466,,,,,,,,0.33130684,,0.17538573
0.015515027,,2.3515368,,,,1.100539,,,0.69808465,,0.85736543,,,,,0.6804288,,,,0.85436344,0.97805279,0.81962627,0.10158449,,0.24082726,,,,,0.16598445,,,2.1899281,,,,,,,,0.17647707,1.9471987,,1.750827,0.19925015,,,,,,,,0.78364003,1.2519587,,,1.0999725,,,1.6518912,,0.91763204,,,,,0.77215201,,,,,,,,,,0.22458507
0.016827941,,1.8449019,,,,1.1436582,,,0.19408043,,0.88322473,,,,,0.69644517,,,,0.89945501,1.048685,0.5290764,0.13375765,,0.23840244,,,,,0.13361095,,,1.9592599,,,,,,,,0.18756542,2.2052972,,1.8232256,,,,,,,,,0.84018975,1.3449788,,,1.2280223,,,1.7180911,,0.99180329,,,,,0.19889823,,,,,,,,,,0.18893462
0.025227025,,0.79043627,,,,1.1037354,,,0,,0.88927871,,,,,0.7775926,,,,0.88643014,1.2032804,0.29177791,0.14607731,,0.27168077,,,,,0.069015868,,,1.3329804,,,,,,,,0.20335992,2.198751,,2.0452328,,,,,,,,,0.91737753,1.3811747,,,1.1527871,,,1.7459865,,1.0219128,,,,,,,,,,,,,,,0.23222089
0.054269299,,0,,,,1.1590638,,,,,0.70616698,,,,,0.9106313,,,,0.95362729,1.3457149,0.067291662,0.051523473,,0.25574377,,,,,0.027067887,,,0.84042776,,,,,,,,0.26553807,2.4639883,,1.9569255,,,,,,,,,0.86518669,1.3977021,,,1.0675268,,,1.893909,,1.0309782,,,,,,,,,,,,,,,0.25851062
0.089553595,,,,,,0.82336241,,,,,0.59792566,,,,,0.94383806,,,,0.94901955,1.3300029,0,0.030530151,,0.25835198,,,,,0,,,0,,,,,,,,0.27894908,2.4786885,,2.3157086,,,,,,,,,0.91126531,1.4188182,,,0.99032927,,,2.0026813,,1.1521788,,,,,,,,,,,,,,,0.29972485
0.16284256,,,,,,0.54713744,,,,,0.37286091,,,,,1.0830125,,,,1.0094166,1.3780907,,0,,0.25139806,,,,,0,,,,,,,,,,,0.31298339,2.6726668,,2.4014432,,,,,,,,,0.93327451,1.5348599,,,0.60909587,,,1.8929592,,1.2558634,,,,,,,,,,,,,,,0.29842615
0.16757925,,,,,,0.18022957,,,,,0.16288848,,,,,1.1545246,,,,1.0183558,1.3874438,,0,,0.25106308,,,,,,,,,,,,,,,,0.27667195,2.7698145,,2.3543618,,,,,,,,,0.9206062,1.4544599,,,0.3933368,,,1.6361803,,1.2345778,,,,,,,,,,,,,,,0.30412909
0.20889966,,,,,,0.062785946,,,,,0,,,,,1.0812562,,,,1.0738416,1.4461825,,,,0.30447784,,,,,,,,,,,,,,,,0.28899416,2.5439067,,2.325655,,,,,,,,,0.79124844,1.4052596,,,0.11481654,,,1.0969579,,1.314275,,,,,,,,,,,,,,,0.32928881
0.21925493,,,,,,,,,,,,,,,,0.90812695,,,,1.1170908,1.4656423,,,,0.25641847,,,,,,,,,,,,,,,,0.20527537,1.9348005,,2.3309951,,,,,,,,,0.49919581,1.008487,,,,,,0.34229764,,1.30208,,,,,,,,,,,,,,,0.34925774
0.27873427,,,,,,,,,,,,,,,,0.51472062,,,,1.2048939,1.5214988,,,,0.30392066,,,,,,,,,,,,,,,,0.134644,1.2564998,,1.9692283,,,,,,,,,0.14979453,0.63126808,,,,,,,,1.4370319,,,,,,,,,,,,,,,0.36843461
0.26185015,,,,,,,,,,,,,,,,0.12461435,,,,1.1792796,1.6172513,,,,0.30256781,,,,,,,,,,,,,,,,0.036820121,0.42515171,,1.7725813,,,,,,,,,,0.20841862,,,,,,,,1.3641393,,,,,,,,,,,,,,,0.43330833
0.28061491,,,,,,,,,,,,,,,,,,,,1.2245451,1.6778026,,,,0.35456213,,,,,,,,,,,,,,,,,,,1.1731826,,,,,,,,,,0,,,,,,,,1.4702739,,,,,,,,,,,,,,,0.46795899
0.33091348,,,,,,,,,,,,,,,,,,,,1.3275084,1.6500851,,,,0.36359268,,,,,,,,,,,,,,,,,,,0.72580552,,,,,,,,,,,,,,,,,,1.5211855,,,,,,,,,,,,,,,0.4531571
0.30708992,,,,,,,,,,,,,,,,,,,,1.3277239,1.6269549,,,,0.42349362,,,,,,,,,,,,,,,,,,,0.13574946,,,,,,,,,,,,,,,,,,1.6654911,,,,,,,,,,,,,,,0.51973593
0.33480817,,,,,,,,,,,,,,,,,,,,1.22724,1.419073,,,,0.46554422,,,,,,,,,,,,,,,,,,,,,,,,,,,,,,,,,,,,,1.6959931,,,,,,,,,,,,,,,0.5629285
0.3456513,,,,,,,,,,,,,,,,,,,,1.3719476,1.1063039,,,,0.46609879,,,,,,,,,,,,,,,,,,,,,,,,,,,,,,,,,,,,,1.8185961,,,,,,,,,,,,,,,0.62084329
0.37155566,,,,,,,,,,,,,,,,,,,,1.4537569,0.75665581,,,,0.45246252,,,,,,,,,,,,,,,,,,,,,,,,,,,,,,,,,,,,,1.8171425,,,,,,,,,,,,,,,0.57791185
0.33991149,,,,,,,,,,,,,,,,,,,,1.4365015,0.3907465,,,,0.50551164,,,,,,,,,,,,,,,,,,,,,,,,,,,,,,,,,,,,,2.0714896,,,,,,,,,,,,,,,0.64398807
0.37084946,,,,,,,,,,,,,,,,,,,,1.4461595,0.056802809,,,,0.5584659,,,,,,,,,,,,,,,,,,,,,,,,,,,,,,,,,,,,,2.1535451,,,,,,,,,,,,,,,0.65293574
0.42370939,,,,,,,,,,,,,,,,,,,,1.5000983,,,,,0.60637671,,,,,,,,,,,,,,,,,,,,,,,,,,,,,,,,,,,,,2.4165697,,,,,,,,,,,,,,,0.69972503
0.43640444,,,,,,,,,,,,,,,,,,,,1.4552827,,,,,0.63307071,,,,,,,,,,,,,,,,,,,,,,,,,,,,,,,,,,,,,2.8018963,,,,,,,,,,,,,,,0.72444868
0.41540071,,,,,,,,,,,,,,,,,,,,1.3457403,,,,,0.60554355,,,,,,,,,,,,,,,,,,,,,,,,,,,,,,,,,,,,,2.8793056,,,,,,,,,,,,,,,0.80622005
0.41872215,,,,,,,,,,,,,,,,,,,,1.0787202,,,,,0.64043915,,,,,,,,,,,,,,,,,,,,,,,,,,,,,,,,,,,,,2.8561687,,,,,,,,,,,,,,,0.9364292
0.3446753,,,,,,,,,,,,,,,,,,,,0.70029211,,,,,0.52481616,,,,,,,,,,,,,,,,,,,,,,,,,,,,,,,,,,,,,2.7434378,,,,,,,,,,,,,,,0.93937492
0.33911917,,,,,,,,,,,,,,,,,,,,0.39905608,,,,,0.42838764,,,,,,,,,,,,,,,,,,,,,,,,,,,,,,,,,,,,,2.2729437,,,,,,,,,,,,,,,0.91175085
0.14646068,,,,,,,,,,,,,,,,,,,,0.16846526,,,,,0.34913406,,,,,,,,,,,,,,,,,,,,,,,,,,,,,,,,,,,,,1.6093167,,,,,,,,,,,,,,,0.88082755
0.010586106,,,,,,,,,,,,,,,,,,,,0.088581339,,,,,0.2125556,,,,,,,,,,,,,,,,,,,,,,,,,,,,,,,,,,,,,0.80824071,,,,,,,,,,,,,,,0.73076445
,,,,,,,,,,,,,,,,,,,,0,,,,,0.048592903,,,,,,,,,,,,,,,,,,,,,,,,,,,,,,,,,,,,,0.19673298,,,,,,,,,,,,,,,0.50500947
,,,,,,,,,,,,,,,,,,,,,,,,,,,,,,,,,,,,,,,,,,,,,,,,,,,,,,,,,,,,,,,,,,,,,,,,,,,,,0.16761829